-- Generated by scripts/export_catalog_research_seed.mjs
-- Snapshot date: 2026-04-07
BEGIN TRANSACTION;
INSERT INTO canonical_product (id, ingredient_key, name_ko, brand, category, mechanism, price_tier, environments_json, summary, editorial_eyebrow, editorial_footer_hint, status, last_verified_at) VALUES ('p_lavender_eo', 'lavender_oil', '라벤더 에센셜 오일', '리비네이처', 'essential_oil', 'aromatic', 'mid', '["bathtub"]', '수면 준비와 이완 루틴에 무난하게 붙는 대표 아로마 오일', 'SLEEP EDIT', '밤 루틴 첫 후보로 두기 좋은 기본 오일', 'active', '2026-04-07');
INSERT INTO canonical_product (id, ingredient_key, name_ko, brand, category, mechanism, price_tier, environments_json, summary, editorial_eyebrow, editorial_footer_hint, status, last_verified_at) VALUES ('p_marjoram_eo', 'marjoram_oil', '마조람 에센셜 오일', '허브플로라', 'essential_oil', 'aromatic', 'mid', '["bathtub"]', '안정감과 근육 이완 쪽에 연결하기 좋은 허브 계열 오일', 'CALM RECOVERY', '안정감을 먼저 주고 싶은 회복 루틴에 적합', 'active', '2026-04-07');
INSERT INTO canonical_product (id, ingredient_key, name_ko, brand, category, mechanism, price_tier, environments_json, summary, editorial_eyebrow, editorial_footer_hint, status, last_verified_at) VALUES ('p_carbonated_bath', 'carbonated_bath', '탄산 입욕제', '키키유', 'bath_salt', 'bicarbonate', 'mid', '["bathtub","shower"]', '짧은 리셋 루틴에서 혈행감과 청량감을 주는 탄산 베이스', 'RESET BATH', '리셋 감도의 첫 제품 후보로 쓰기 쉬운 타입', 'active', '2026-04-07');
INSERT INTO canonical_product (id, ingredient_key, name_ko, brand, category, mechanism, price_tier, environments_json, summary, editorial_eyebrow, editorial_footer_hint, status, last_verified_at) VALUES ('p_grapefruit_eo', 'grapefruit_oil', '그레이프프루트 에센셜 오일', '퓨어스', 'essential_oil', 'aromatic', 'mid', '["bathtub"]', '부종 완화와 기분 전환 쪽에 연결하기 쉬운 시트러스 계열 오일', 'FRESH BOOST', '무드 리프트와 가벼운 순환감에 잘 맞는 향', 'active', '2026-04-07');
INSERT INTO canonical_product (id, ingredient_key, name_ko, brand, category, mechanism, price_tier, environments_json, summary, editorial_eyebrow, editorial_footer_hint, status, last_verified_at) VALUES ('p_epsom_salt', 'epsom_salt', '엡솜 솔트', 'Nortembio', 'bath_salt', 'magnesium', 'mid', '["bathtub"]', '근육 회복과 마그네슘 중심 루틴의 기본 배스 솔트', 'RECOVERY CORE', '운동 후 회복 루틴에서 가장 안정적인 기준점', 'active', '2026-04-07');
INSERT INTO canonical_product (id, ingredient_key, name_ko, brand, category, mechanism, price_tier, environments_json, summary, editorial_eyebrow, editorial_footer_hint, status, last_verified_at) VALUES ('p_peppermint_eo', 'peppermint_oil', '페퍼민트 에센셜 오일', '퓨어스', 'essential_oil', 'aromatic', 'mid', '["bathtub"]', '무거운 몸 상태와 답답함을 환기하는 쿨링 계열 오일', 'COOL RELIEF', '무거운 근육감과 피로감을 빠르게 전환하는 향', 'active', '2026-04-07');
INSERT INTO canonical_product (id, ingredient_key, name_ko, brand, category, mechanism, price_tier, environments_json, summary, editorial_eyebrow, editorial_footer_hint, status, last_verified_at) VALUES ('p_hinoki_eo', 'hinoki_oil', '편백 에센셜 오일', '상승물류', 'essential_oil', 'aromatic', 'high', '["bathtub"]', '트립 감성과 삼림욕 계열 연출에 맞는 우디 오일', 'FOREST SOAK', '우디한 숲 향을 중심에 두는 트립 루틴용', 'active', '2026-04-07');
INSERT INTO canonical_product (id, ingredient_key, name_ko, brand, category, mechanism, price_tier, environments_json, summary, editorial_eyebrow, editorial_footer_hint, status, last_verified_at) VALUES ('p_rosemary_eo', 'rosemary_oil', '로즈마리 에센셜 오일', '메디홀릭', 'essential_oil', 'aromatic', 'mid', '["bathtub"]', '활력감과 허브 노트를 주는 각성형 오일', 'ACTIVE CARE', '순환감과 집중감을 강조하는 날의 허브 톤', 'active', '2026-04-07');
INSERT INTO canonical_product (id, ingredient_key, name_ko, brand, category, mechanism, price_tier, environments_json, summary, editorial_eyebrow, editorial_footer_hint, status, last_verified_at) VALUES ('p_clary_sage_eo', 'clary_sage_oil', '클라리 세이지 에센셜 오일', '다인', 'essential_oil', 'aromatic', 'mid', '["bathtub"]', '부드러운 밸런스감과 허브 향을 주는 고농축 오일', 'BALANCE PICK', '몸 컨디션이 예민한 날에 고르는 밸런스형 향', 'active', '2026-04-07');
INSERT INTO canonical_product (id, ingredient_key, name_ko, brand, category, mechanism, price_tier, environments_json, summary, editorial_eyebrow, editorial_footer_hint, status, last_verified_at) VALUES ('p_eucalyptus_eo', 'eucalyptus_oil', '유칼립투스 에센셜 오일', '올댓허브', 'essential_oil', 'aromatic', 'mid', '["bathtub"]', '호흡감과 공기감을 바꾸는 데 잘 맞는 청량 계열 오일', 'CLEAR AIR', '답답한 날 공기감을 정리하는 쿨 허브 향', 'active', '2026-04-07');
INSERT INTO canonical_product (id, ingredient_key, name_ko, brand, category, mechanism, price_tier, environments_json, summary, editorial_eyebrow, editorial_footer_hint, status, last_verified_at) VALUES ('p_chamomile_oil', 'chamomile_oil', '캐모마일 에센셜 오일', '아로마티카', 'essential_oil', 'aromatic', 'mid', '["bathtub"]', '자극이 적고 진정감이 필요한 밤 루틴에 잘 맞는 오일', 'SOFT CALM', '과하지 않은 진정감을 주는 부드러운 선택지', 'active', '2026-04-07');
INSERT INTO canonical_product (id, ingredient_key, name_ko, brand, category, mechanism, price_tier, environments_json, summary, editorial_eyebrow, editorial_footer_hint, status, last_verified_at) VALUES ('p_shower_steamer', 'shower_steamer', '샤워 스티머', 'Body Re', 'bath_item', 'aromatic', 'low', '["shower"]', '욕조 없이도 샤워 중 아로마 경험을 만들어주는 전용 아이템', 'SHOWER READY', '샤워 환경 전용 추천 카드의 핵심 아이템', 'active', '2026-04-07');
INSERT INTO canonical_product (id, ingredient_key, name_ko, brand, category, mechanism, price_tier, environments_json, summary, editorial_eyebrow, editorial_footer_hint, status, last_verified_at) VALUES ('p_relaxing_body_wash', 'body_wash_relaxing', '릴랙싱 바디워시', '해피바스', 'body_wash', 'aromatic', 'low', '["shower"]', '샤워 루틴에서 가장 부담 없이 붙일 수 있는 daily base item', 'DAILY SHOWER', '데일리 샤워 컨텍스트와 궁합이 좋은 기본 선택지', 'active', '2026-04-07');
INSERT INTO product_market_listing (id, canonical_product_id, market, source_url, title_snapshot, seller_snapshot, price_snapshot_krw, availability, verified_at, source_confidence, notes) VALUES ('listing_coupang_p_lavender_eo_01', 'p_lavender_eo', 'coupang', 'https://www.coupang.com/vp/products/6217087830', '리비네이처 아로마 에센셜 오일 라벤더, 10ml, 1개', '리비네이처', 7400, 'active', '2026-04-07', 0.9, NULL);
INSERT INTO product_market_listing (id, canonical_product_id, market, source_url, title_snapshot, seller_snapshot, price_snapshot_krw, availability, verified_at, source_confidence, notes) VALUES ('listing_coupang_p_lavender_eo_02', 'p_lavender_eo', 'coupang', 'https://www.coupang.com/vp/products/8046414408', '알티야오가닉스 라벤더 에센셜 오일, 10ml, 1개', NULL, 21500, 'active', '2026-04-07', 0.92, NULL);
INSERT INTO product_market_listing (id, canonical_product_id, market, source_url, title_snapshot, seller_snapshot, price_snapshot_krw, availability, verified_at, source_confidence, notes) VALUES ('listing_coupang_p_lavender_eo_03', 'p_lavender_eo', 'coupang', 'https://www.coupang.com/vp/products/9181334467', 'Majestic Pure 라벤더 에센셜 오일 118ml', '식스빈', 49000, 'active', '2026-04-07', 0.93, '대용량 직구형 옵션');
INSERT INTO product_market_listing (id, canonical_product_id, market, source_url, title_snapshot, seller_snapshot, price_snapshot_krw, availability, verified_at, source_confidence, notes) VALUES ('listing_coupang_p_marjoram_eo_01', 'p_marjoram_eo', 'coupang', 'https://www.coupang.com/vp/products/8243414902', '마조람 에센셜 오일 (Majoram E.O), 10ml, 1개', '다인', NULL, 'active', '2026-04-07', 0.9, NULL);
INSERT INTO product_market_listing (id, canonical_product_id, market, source_url, title_snapshot, seller_snapshot, price_snapshot_krw, availability, verified_at, source_confidence, notes) VALUES ('listing_coupang_p_marjoram_eo_02', 'p_marjoram_eo', 'coupang', 'https://www.coupang.com/vp/products/7449488886', '앳네이처 유기농 마조람 스위트 10ml 에센셜 오일', '앳네이처 주식회사', 20000, 'active', '2026-04-07', 0.91, NULL);
INSERT INTO product_market_listing (id, canonical_product_id, market, source_url, title_snapshot, seller_snapshot, price_snapshot_krw, availability, verified_at, source_confidence, notes) VALUES ('listing_coupang_p_marjoram_eo_03', 'p_marjoram_eo', 'coupang', 'https://www.coupang.com/vp/products/1159350457', '허브플로라 마조람 에센셜 오일 ( Marjoram E.O)', '허브플로라', 7000, 'active', '2026-04-07', 0.89, NULL);
INSERT INTO product_market_listing (id, canonical_product_id, market, source_url, title_snapshot, seller_snapshot, price_snapshot_krw, availability, verified_at, source_confidence, notes) VALUES ('listing_coupang_p_carbonated_bath_01', 'p_carbonated_bath', 'coupang', 'https://www.coupang.com/vp/products/7444764290', '키키유 칼슘 탄산 입욕제, 360g, 1개', NULL, 14530, 'active', '2026-04-07', 0.91, NULL);
INSERT INTO product_market_listing (id, canonical_product_id, market, source_url, title_snapshot, seller_snapshot, price_snapshot_krw, availability, verified_at, source_confidence, notes) VALUES ('listing_coupang_p_carbonated_bath_02', 'p_carbonated_bath', 'coupang', 'https://www.coupang.com/vp/products/9054736259', '코리토멜 40g 3개입 탄산 입욕제 백수오장이 온욕 효과', NULL, NULL, 'unknown', '2026-04-07', 0.72, NULL);
INSERT INTO product_market_listing (id, canonical_product_id, market, source_url, title_snapshot, seller_snapshot, price_snapshot_krw, availability, verified_at, source_confidence, notes) VALUES ('listing_coupang_p_grapefruit_eo_01', 'p_grapefruit_eo', 'coupang', 'https://www.coupang.com/vp/products/9179016480', '퓨어스 유기농 그레이프프루트 자몽 에센셜 오일 10ml', NULL, NULL, 'out_of_stock', '2026-04-07', 0.82, '2026-04-07 기준 품절 표기 확인');
INSERT INTO product_market_listing (id, canonical_product_id, market, source_url, title_snapshot, seller_snapshot, price_snapshot_krw, availability, verified_at, source_confidence, notes) VALUES ('listing_coupang_p_epsom_salt_01', 'p_epsom_salt', 'coupang', 'https://www.coupang.com/vp/products/7377732790', '노템바이오 Nortembio 엡솜 솔트 3kg 천연 마그네슘 입욕제, 3kg, 1개', NULL, NULL, 'active', '2026-04-07', 0.85, '최근 크롤링 기준 활성 판매 페이지 확인');
INSERT INTO product_market_listing (id, canonical_product_id, market, source_url, title_snapshot, seller_snapshot, price_snapshot_krw, availability, verified_at, source_confidence, notes) VALUES ('listing_coupang_p_epsom_salt_02', 'p_epsom_salt', 'coupang', 'https://www.coupang.com/vp/products/9060171163', 'Epsoak 엡솜 바스 솔트', NULL, NULL, 'unknown', '2026-04-07', 0.83, '직구형 상품, 상세 페이지 접근은 확인했으나 가격 스냅샷 미기록');
INSERT INTO product_market_listing (id, canonical_product_id, market, source_url, title_snapshot, seller_snapshot, price_snapshot_krw, availability, verified_at, source_confidence, notes) VALUES ('listing_coupang_p_epsom_salt_03', 'p_epsom_salt', 'coupang', 'https://www.coupang.com/vp/products/8424832822', 'Dr. Teal''s Epsom Salt 닥터틸스 엡솜 솔트 마그네슘 입욕제 무향', NULL, NULL, 'unknown', '2026-04-07', 0.84, NULL);
INSERT INTO product_market_listing (id, canonical_product_id, market, source_url, title_snapshot, seller_snapshot, price_snapshot_krw, availability, verified_at, source_confidence, notes) VALUES ('listing_coupang_p_peppermint_eo_01', 'p_peppermint_eo', 'coupang', 'https://www.coupang.com/vp/products/7728824487', '퓨어스 유기농 페퍼민트 에센셜 오일 10ml, 10ml, 1개', '미니미(minimi)', 12600, 'active', '2026-04-07', 0.94, NULL);
INSERT INTO product_market_listing (id, canonical_product_id, market, source_url, title_snapshot, seller_snapshot, price_snapshot_krw, availability, verified_at, source_confidence, notes) VALUES ('listing_coupang_p_hinoki_eo_01', 'p_hinoki_eo', 'coupang', 'https://www.coupang.com/vp/products/8863008414', '편백 에센셜 오일 30ml 국내산 향기 마사지 스트레스 피로 집중력 피부 건강 심신안정', '상승물류', 60430, 'active', '2026-04-07', 0.76, '상품명에 과장 효능 문구 포함, 앱 카피에는 사용 금지');
INSERT INTO product_market_listing (id, canonical_product_id, market, source_url, title_snapshot, seller_snapshot, price_snapshot_krw, availability, verified_at, source_confidence, notes) VALUES ('listing_coupang_p_hinoki_eo_02', 'p_hinoki_eo', 'coupang', 'https://www.coupang.com/vp/products/6361620007', '피톤치드 편백 에센셜 오일 100% 10ml x 3개 유기농 편백나무 원액 화장품 오일', NULL, NULL, 'unknown', '2026-04-07', 0.73, NULL);
INSERT INTO product_market_listing (id, canonical_product_id, market, source_url, title_snapshot, seller_snapshot, price_snapshot_krw, availability, verified_at, source_confidence, notes) VALUES ('listing_coupang_p_rosemary_eo_01', 'p_rosemary_eo', 'coupang', 'https://www.coupang.com/vp/products/6638398938?itemId=15165628596&searchId=19cf7ae1fb9e4b4c847afa0ae4801f83&sourceType=brandstore_sdp_atf-best_products&storeId=6969&subSourceType=brandstore_sdp_atf-best_products&vendorId=A00072962&vendorItemId=82387019954', '메디홀릭 아로마 테라피 천연 로즈마리 오일, 노량진10ml, 1개', NULL, NULL, 'unknown', '2026-04-07', 0.8, NULL);
INSERT INTO product_market_listing (id, canonical_product_id, market, source_url, title_snapshot, seller_snapshot, price_snapshot_krw, availability, verified_at, source_confidence, notes) VALUES ('listing_coupang_p_clary_sage_eo_01', 'p_clary_sage_eo', 'coupang', 'https://www.coupang.com/vp/products/8266191147', '클라리 세이지 에센셜 오일(Clary sage E.O), 10ml, 1개', '다인', NULL, 'active', '2026-04-07', 0.93, NULL);
INSERT INTO product_market_listing (id, canonical_product_id, market, source_url, title_snapshot, seller_snapshot, price_snapshot_krw, availability, verified_at, source_confidence, notes) VALUES ('listing_coupang_p_clary_sage_eo_02', 'p_clary_sage_eo', 'coupang', 'https://www.coupang.com/vp/products/8178556410', '티저랜드 아로마 클라리 세이지 에센셜 오일 Tisserand Aromatherapy Clary Sage Essential Oil, 9ml, 1개', '어라운드 글로벌', 46900, 'active', '2026-04-07', 0.89, '프리미엄 직구형 옵션');
INSERT INTO product_market_listing (id, canonical_product_id, market, source_url, title_snapshot, seller_snapshot, price_snapshot_krw, availability, verified_at, source_confidence, notes) VALUES ('listing_coupang_p_eucalyptus_eo_01', 'p_eucalyptus_eo', 'coupang', 'https://www.coupang.com/vp/products/6496734788?itemId=14284492557&searchId=58752329c1db4a7685ffd0ca2bde5dd2&sourceType=brandstore_sdp_atf-all_products&storeId=53501&subSourceType=brandstore_sdp_atf-all_products&vendorId=A00280908&vendorItemId=81529454329', '올댓허브 Eucalyptus Lemon (유칼립투스 레몬) USDA 유기농 에센셜오일', '올댓허브', 18000, 'active', '2026-04-07', 0.88, NULL);
INSERT INTO product_market_listing (id, canonical_product_id, market, source_url, title_snapshot, seller_snapshot, price_snapshot_krw, availability, verified_at, source_confidence, notes) VALUES ('listing_coupang_p_eucalyptus_eo_02', 'p_eucalyptus_eo', 'coupang', 'https://www.coupang.com/vp/products/6636217160?itemId=15151795819&searchId=00a6b94278b24eeaacd6e0478686ae67&sourceType=brandstore_sdp_atf-all_products&storeId=6969&subSourceType=brandstore_sdp_atf-all_products&vendorId=A00072962&vendorItemId=82373308084', '천연 원료 아로마 향기 테라피 유칼립투스 오일', NULL, NULL, 'unknown', '2026-04-07', 0.74, NULL);
INSERT INTO product_market_listing (id, canonical_product_id, market, source_url, title_snapshot, seller_snapshot, price_snapshot_krw, availability, verified_at, source_confidence, notes) VALUES ('listing_coupang_p_chamomile_oil_01', 'p_chamomile_oil', 'coupang', 'https://www.coupang.com/vp/products/8663277422', '아로마티카 에센셜 오일 로먼 캐모마일', NULL, NULL, 'unknown', '2026-04-07', 0.84, NULL);
INSERT INTO product_market_listing (id, canonical_product_id, market, source_url, title_snapshot, seller_snapshot, price_snapshot_krw, availability, verified_at, source_confidence, notes) VALUES ('listing_coupang_p_chamomile_oil_02', 'p_chamomile_oil', 'coupang', 'https://www.coupang.com/vp/products/9134947967', 'Aura Cacia 호호바오일에 들어 있는 순수 에센셜 오일 저먼 캐모마일 15ml(0.5온스)', NULL, NULL, 'out_of_stock', '2026-04-07', 0.78, '2026-04-07 기준 품절 표기 확인');
INSERT INTO product_market_listing (id, canonical_product_id, market, source_url, title_snapshot, seller_snapshot, price_snapshot_krw, availability, verified_at, source_confidence, notes) VALUES ('listing_coupang_p_shower_steamer_01', 'p_shower_steamer', 'coupang', 'https://www.coupang.com/vp/products/9215967283', 'Body Re 샤워 스티머 아로마테라피 입욕제 6팩', NULL, NULL, 'active', '2026-04-07', 0.84, NULL);
INSERT INTO product_market_listing (id, canonical_product_id, market, source_url, title_snapshot, seller_snapshot, price_snapshot_krw, availability, verified_at, source_confidence, notes) VALUES ('listing_coupang_p_shower_steamer_02', 'p_shower_steamer', 'coupang', 'https://www.coupang.com/vp/products/9031452848', '샤워 스티머 아로마테라피 8팩', NULL, NULL, 'unknown', '2026-04-07', 0.68, '이전 세션에서 직접 확인한 보조 후보');
INSERT INTO product_market_listing (id, canonical_product_id, market, source_url, title_snapshot, seller_snapshot, price_snapshot_krw, availability, verified_at, source_confidence, notes) VALUES ('listing_coupang_p_relaxing_body_wash_01', 'p_relaxing_body_wash', 'coupang', 'https://www.coupang.com/vp/products/202875994', '해피바스 라벤더 에센스 릴랙싱 바디워시 허브향, 900g, 1개', '유엔에이치', 7800, 'active', '2026-04-07', 0.93, NULL);
INSERT INTO product_market_listing (id, canonical_product_id, market, source_url, title_snapshot, seller_snapshot, price_snapshot_krw, availability, verified_at, source_confidence, notes) VALUES ('listing_coupang_p_relaxing_body_wash_02', 'p_relaxing_body_wash', 'coupang', 'https://www.coupang.com/vp/products/1300649', '닥터틸즈 퓨어 엡섬솔트 바디 워시 라벤더', NULL, NULL, 'active', '2026-04-07', 0.85, '입욕 솔트 계열과 브랜드 연계성이 있는 샤워용 대안');
INSERT INTO product_match_rule (id, canonical_product_id, ingredient_keys_json, allowed_environments_json, mode_bias_json, priority_weight, is_sommelier_pick_candidate, status) VALUES ('rule_p_lavender_eo', 'p_lavender_eo', '["lavender_oil"]', '["bathtub"]', '["care","sleep"]', 80, 0, 'active');
INSERT INTO product_match_rule (id, canonical_product_id, ingredient_keys_json, allowed_environments_json, mode_bias_json, priority_weight, is_sommelier_pick_candidate, status) VALUES ('rule_p_marjoram_eo', 'p_marjoram_eo', '["marjoram_oil"]', '["bathtub"]', '["care","sleep","recovery"]', 86, 0, 'active');
INSERT INTO product_match_rule (id, canonical_product_id, ingredient_keys_json, allowed_environments_json, mode_bias_json, priority_weight, is_sommelier_pick_candidate, status) VALUES ('rule_p_carbonated_bath', 'p_carbonated_bath', '["carbonated_bath"]', '["bathtub","shower"]', '["care","reset","sleep"]', 90, 1, 'active');
INSERT INTO product_match_rule (id, canonical_product_id, ingredient_keys_json, allowed_environments_json, mode_bias_json, priority_weight, is_sommelier_pick_candidate, status) VALUES ('rule_p_grapefruit_eo', 'p_grapefruit_eo', '["grapefruit_oil"]', '["bathtub"]', '["care","reset"]', 76, 0, 'active');
INSERT INTO product_match_rule (id, canonical_product_id, ingredient_keys_json, allowed_environments_json, mode_bias_json, priority_weight, is_sommelier_pick_candidate, status) VALUES ('rule_p_epsom_salt', 'p_epsom_salt', '["epsom_salt"]', '["bathtub"]', '["care","recovery"]', 95, 1, 'active');
INSERT INTO product_match_rule (id, canonical_product_id, ingredient_keys_json, allowed_environments_json, mode_bias_json, priority_weight, is_sommelier_pick_candidate, status) VALUES ('rule_p_peppermint_eo', 'p_peppermint_eo', '["peppermint_oil"]', '["bathtub"]', '["care","recovery","reset"]', 82, 0, 'active');
INSERT INTO product_match_rule (id, canonical_product_id, ingredient_keys_json, allowed_environments_json, mode_bias_json, priority_weight, is_sommelier_pick_candidate, status) VALUES ('rule_p_hinoki_eo', 'p_hinoki_eo', '["hinoki_oil"]', '["bathtub"]', '["trip","sleep"]', 84, 0, 'active');
INSERT INTO product_match_rule (id, canonical_product_id, ingredient_keys_json, allowed_environments_json, mode_bias_json, priority_weight, is_sommelier_pick_candidate, status) VALUES ('rule_p_rosemary_eo', 'p_rosemary_eo', '["rosemary_oil"]', '["bathtub"]', '["care","recovery"]', 78, 0, 'active');
INSERT INTO product_match_rule (id, canonical_product_id, ingredient_keys_json, allowed_environments_json, mode_bias_json, priority_weight, is_sommelier_pick_candidate, status) VALUES ('rule_p_clary_sage_eo', 'p_clary_sage_eo', '["clary_sage_oil"]', '["bathtub"]', '["care","sleep"]', 80, 0, 'active');
INSERT INTO product_match_rule (id, canonical_product_id, ingredient_keys_json, allowed_environments_json, mode_bias_json, priority_weight, is_sommelier_pick_candidate, status) VALUES ('rule_p_eucalyptus_eo', 'p_eucalyptus_eo', '["eucalyptus_oil"]', '["bathtub"]', '["care","reset"]', 81, 0, 'active');
INSERT INTO product_match_rule (id, canonical_product_id, ingredient_keys_json, allowed_environments_json, mode_bias_json, priority_weight, is_sommelier_pick_candidate, status) VALUES ('rule_p_chamomile_oil', 'p_chamomile_oil', '["chamomile_oil"]', '["bathtub"]', '["care","sleep"]', 79, 0, 'active');
INSERT INTO product_match_rule (id, canonical_product_id, ingredient_keys_json, allowed_environments_json, mode_bias_json, priority_weight, is_sommelier_pick_candidate, status) VALUES ('rule_p_shower_steamer', 'p_shower_steamer', '["shower_steamer"]', '["shower"]', '["care","trip","reset"]', 88, 1, 'active');
INSERT INTO product_match_rule (id, canonical_product_id, ingredient_keys_json, allowed_environments_json, mode_bias_json, priority_weight, is_sommelier_pick_candidate, status) VALUES ('rule_p_relaxing_body_wash', 'p_relaxing_body_wash', '["body_wash_relaxing"]', '["shower"]', '["care","reset"]', 72, 0, 'active');
COMMIT;
