-- Generated by scripts/export_catalog_research_seed_postgres.mjs
-- Snapshot date: 2026-04-22
BEGIN;
INSERT INTO canonical_product (
  id, ingredient_key, name_ko, brand, category, mechanism, price_tier, environments,
  summary, editorial_eyebrow, editorial_footer_hint, status, last_verified_at
) VALUES (
  'bs_v1_003',
  'body_wash_relaxing',
  '바스로망 밀크 프로테인',
  'Bath Roman',
  'bath_item',
  'neutral',
  'low',
  '["bathtub"]'::jsonb,
  '우유 단백질 계열 보습 성분이 들어 있어, 목욕 뒤 피부 당김이 신경 쓰이는 날에 쓰기 좋아요.',
  'DAILY MOISTURE',
  '향이 강한 제품보다 피부 보습감을 먼저 보고 싶을 때 잘 맞아요.',
  'active',
  '2026-04-22'
)
ON CONFLICT (id) DO UPDATE SET
  ingredient_key = EXCLUDED.ingredient_key,
  name_ko = EXCLUDED.name_ko,
  brand = EXCLUDED.brand,
  category = EXCLUDED.category,
  mechanism = EXCLUDED.mechanism,
  price_tier = EXCLUDED.price_tier,
  environments = EXCLUDED.environments,
  summary = EXCLUDED.summary,
  editorial_eyebrow = EXCLUDED.editorial_eyebrow,
  editorial_footer_hint = EXCLUDED.editorial_footer_hint,
  status = EXCLUDED.status,
  last_verified_at = EXCLUDED.last_verified_at,
  updated_at = NOW();
INSERT INTO canonical_product (
  id, ingredient_key, name_ko, brand, category, mechanism, price_tier, environments,
  summary, editorial_eyebrow, editorial_footer_hint, status, last_verified_at
) VALUES (
  'bs_v1_005',
  'carbonated_bath',
  'BARTH 바스 중성 중탄산 입욕제',
  'BARTH',
  'bath_item',
  'bicarbonate',
  'high',
  '["bathtub"]'::jsonb,
  '향과 색을 거의 더하지 않은 중탄산 입욕제로, 물 안에서 잔잔한 기포가 올라와요.',
  'CLINICAL RESET',
  '향보다 물의 온도와 기포감을 중심으로 쉬고 싶을 때 잘 맞아요.',
  'active',
  '2026-04-22'
)
ON CONFLICT (id) DO UPDATE SET
  ingredient_key = EXCLUDED.ingredient_key,
  name_ko = EXCLUDED.name_ko,
  brand = EXCLUDED.brand,
  category = EXCLUDED.category,
  mechanism = EXCLUDED.mechanism,
  price_tier = EXCLUDED.price_tier,
  environments = EXCLUDED.environments,
  summary = EXCLUDED.summary,
  editorial_eyebrow = EXCLUDED.editorial_eyebrow,
  editorial_footer_hint = EXCLUDED.editorial_footer_hint,
  status = EXCLUDED.status,
  last_verified_at = EXCLUDED.last_verified_at,
  updated_at = NOW();
INSERT INTO canonical_product (
  id, ingredient_key, name_ko, brand, category, mechanism, price_tier, environments,
  summary, editorial_eyebrow, editorial_footer_hint, status, last_verified_at
) VALUES (
  'bs_v1_006',
  'carbonated_bath',
  '카오 바브 탄산 입욕제 라벤더',
  'Kao',
  'bath_item',
  'bicarbonate',
  'low',
  '["bathtub"]'::jsonb,
  '라벤더 향이 나는 발포 입욕제로, 짧은 반신욕에도 쓰기 쉬운 타입이에요.',
  'DAILY RESET',
  '강한 향보다 익숙한 라벤더 향으로 가볍게 시작하고 싶을 때 좋아요.',
  'active',
  '2026-04-22'
)
ON CONFLICT (id) DO UPDATE SET
  ingredient_key = EXCLUDED.ingredient_key,
  name_ko = EXCLUDED.name_ko,
  brand = EXCLUDED.brand,
  category = EXCLUDED.category,
  mechanism = EXCLUDED.mechanism,
  price_tier = EXCLUDED.price_tier,
  environments = EXCLUDED.environments,
  summary = EXCLUDED.summary,
  editorial_eyebrow = EXCLUDED.editorial_eyebrow,
  editorial_footer_hint = EXCLUDED.editorial_footer_hint,
  status = EXCLUDED.status,
  last_verified_at = EXCLUDED.last_verified_at,
  updated_at = NOW();
INSERT INTO canonical_product (
  id, ingredient_key, name_ko, brand, category, mechanism, price_tier, environments,
  summary, editorial_eyebrow, editorial_footer_hint, status, last_verified_at
) VALUES (
  'bs_v1_007',
  'body_wash_relaxing',
  '아로마티카 서렌 바디워시 라벤더 & 마조람',
  'AROMATICA',
  'body_wash',
  'aromatic',
  'mid',
  '["shower"]'::jsonb,
  '라벤더의 부드러운 허브 향에 마조람의 따뜻한 풀 향이 더해진 바디워시예요.',
  'AROMATIC SHOWER',
  '잠들기 전, 향이 너무 날카롭지 않은 샤워 제품을 찾을 때 잘 맞아요.',
  'active',
  '2026-04-22'
)
ON CONFLICT (id) DO UPDATE SET
  ingredient_key = EXCLUDED.ingredient_key,
  name_ko = EXCLUDED.name_ko,
  brand = EXCLUDED.brand,
  category = EXCLUDED.category,
  mechanism = EXCLUDED.mechanism,
  price_tier = EXCLUDED.price_tier,
  environments = EXCLUDED.environments,
  summary = EXCLUDED.summary,
  editorial_eyebrow = EXCLUDED.editorial_eyebrow,
  editorial_footer_hint = EXCLUDED.editorial_footer_hint,
  status = EXCLUDED.status,
  last_verified_at = EXCLUDED.last_verified_at,
  updated_at = NOW();
INSERT INTO canonical_product (
  id, ingredient_key, name_ko, brand, category, mechanism, price_tier, environments,
  summary, editorial_eyebrow, editorial_footer_hint, status, last_verified_at
) VALUES (
  'bs_v1_009',
  'hinoki_oil',
  '바스로망 히노끼 입욕제',
  'Bath Roman',
  'bath_item',
  'aromatic',
  'low',
  '["bathtub"]'::jsonb,
  '편백나무를 떠올리게 하는 히노끼 향이 물에 퍼지는 입욕제예요.',
  'FOREST TRIP',
  '숲이나 목조탕 같은 느낌을 집에서 가볍게 더하고 싶을 때 좋아요.',
  'active',
  '2026-04-22'
)
ON CONFLICT (id) DO UPDATE SET
  ingredient_key = EXCLUDED.ingredient_key,
  name_ko = EXCLUDED.name_ko,
  brand = EXCLUDED.brand,
  category = EXCLUDED.category,
  mechanism = EXCLUDED.mechanism,
  price_tier = EXCLUDED.price_tier,
  environments = EXCLUDED.environments,
  summary = EXCLUDED.summary,
  editorial_eyebrow = EXCLUDED.editorial_eyebrow,
  editorial_footer_hint = EXCLUDED.editorial_footer_hint,
  status = EXCLUDED.status,
  last_verified_at = EXCLUDED.last_verified_at,
  updated_at = NOW();
INSERT INTO canonical_product (
  id, ingredient_key, name_ko, brand, category, mechanism, price_tier, environments,
  summary, editorial_eyebrow, editorial_footer_hint, status, last_verified_at
) VALUES (
  'bs_v1_013',
  'body_wash_relaxing',
  '뉴트로지나 레인바스 오리지널 엠버 바디워시',
  'Neutrogena',
  'body_wash',
  'aromatic',
  'low',
  '["shower"]'::jsonb,
  '달큰하고 묵직한 엠버 향에 허브 향이 섞인 바디워시예요.',
  'ORIENTAL TRIP',
  '상쾌한 향보다 차분하고 따뜻한 잔향을 남기고 싶을 때 잘 맞아요.',
  'active',
  '2026-04-22'
)
ON CONFLICT (id) DO UPDATE SET
  ingredient_key = EXCLUDED.ingredient_key,
  name_ko = EXCLUDED.name_ko,
  brand = EXCLUDED.brand,
  category = EXCLUDED.category,
  mechanism = EXCLUDED.mechanism,
  price_tier = EXCLUDED.price_tier,
  environments = EXCLUDED.environments,
  summary = EXCLUDED.summary,
  editorial_eyebrow = EXCLUDED.editorial_eyebrow,
  editorial_footer_hint = EXCLUDED.editorial_footer_hint,
  status = EXCLUDED.status,
  last_verified_at = EXCLUDED.last_verified_at,
  updated_at = NOW();
INSERT INTO canonical_product (
  id, ingredient_key, name_ko, brand, category, mechanism, price_tier, environments,
  summary, editorial_eyebrow, editorial_footer_hint, status, last_verified_at
) VALUES (
  'bs_v1_014',
  'body_wash_relaxing',
  '아로마티카 멜로우니스 오일 인 바디워시',
  'AROMATICA',
  'body_wash',
  'aromatic',
  'mid',
  '["shower"]'::jsonb,
  '은은한 매그놀리아 꽃향에 샌달우드의 부드러운 나무 향이 더해진 바디워시예요.',
  'GENTLE NIGHT TRIP',
  '짙은 향수 같은 바디워시가 부담스러운 밤에 쓰기 좋아요.',
  'active',
  '2026-04-22'
)
ON CONFLICT (id) DO UPDATE SET
  ingredient_key = EXCLUDED.ingredient_key,
  name_ko = EXCLUDED.name_ko,
  brand = EXCLUDED.brand,
  category = EXCLUDED.category,
  mechanism = EXCLUDED.mechanism,
  price_tier = EXCLUDED.price_tier,
  environments = EXCLUDED.environments,
  summary = EXCLUDED.summary,
  editorial_eyebrow = EXCLUDED.editorial_eyebrow,
  editorial_footer_hint = EXCLUDED.editorial_footer_hint,
  status = EXCLUDED.status,
  last_verified_at = EXCLUDED.last_verified_at,
  updated_at = NOW();
INSERT INTO canonical_product (
  id, ingredient_key, name_ko, brand, category, mechanism, price_tier, environments,
  summary, editorial_eyebrow, editorial_footer_hint, status, last_verified_at
) VALUES (
  'bs_v1_016',
  'epsom_salt',
  '바스파 바스솔트',
  'Bathpa',
  'bath_salt',
  'neutral',
  'low',
  '["bathtub"]'::jsonb,
  '향이 거의 없는 천일염 계열 바스솔트로, 족욕이나 반신욕에 넣기 쉬워요.',
  'MINERAL SOAK',
  '향이 부담스러운 날, 미지근한 물에 풀어 가볍게 쓰기 좋아요.',
  'active',
  '2026-04-22'
)
ON CONFLICT (id) DO UPDATE SET
  ingredient_key = EXCLUDED.ingredient_key,
  name_ko = EXCLUDED.name_ko,
  brand = EXCLUDED.brand,
  category = EXCLUDED.category,
  mechanism = EXCLUDED.mechanism,
  price_tier = EXCLUDED.price_tier,
  environments = EXCLUDED.environments,
  summary = EXCLUDED.summary,
  editorial_eyebrow = EXCLUDED.editorial_eyebrow,
  editorial_footer_hint = EXCLUDED.editorial_footer_hint,
  status = EXCLUDED.status,
  last_verified_at = EXCLUDED.last_verified_at,
  updated_at = NOW();
INSERT INTO canonical_product (
  id, ingredient_key, name_ko, brand, category, mechanism, price_tier, environments,
  summary, editorial_eyebrow, editorial_footer_hint, status, last_verified_at
) VALUES (
  'bs_v1_020',
  'epsom_salt',
  '닥터틸즈 밀크 앤 허니 엡섬 솔트',
  'Dr Teal''s',
  'bath_salt',
  'magnesium',
  'mid',
  '["bathtub"]'::jsonb,
  '우유처럼 부드러운 향과 꿀처럼 달콤한 향이 나는 마그네슘 계열 엡섬 솔트예요.',
  'GENTLE WARMING',
  '몸이 무겁거나 배와 허리가 예민한 날, 따뜻한 입욕에 더하기 좋아요.',
  'active',
  '2026-04-22'
)
ON CONFLICT (id) DO UPDATE SET
  ingredient_key = EXCLUDED.ingredient_key,
  name_ko = EXCLUDED.name_ko,
  brand = EXCLUDED.brand,
  category = EXCLUDED.category,
  mechanism = EXCLUDED.mechanism,
  price_tier = EXCLUDED.price_tier,
  environments = EXCLUDED.environments,
  summary = EXCLUDED.summary,
  editorial_eyebrow = EXCLUDED.editorial_eyebrow,
  editorial_footer_hint = EXCLUDED.editorial_footer_hint,
  status = EXCLUDED.status,
  last_verified_at = EXCLUDED.last_verified_at,
  updated_at = NOW();
INSERT INTO canonical_product (
  id, ingredient_key, name_ko, brand, category, mechanism, price_tier, environments,
  summary, editorial_eyebrow, editorial_footer_hint, status, last_verified_at
) VALUES (
  'bs_v1_021',
  'body_wash_relaxing',
  '아로마티카 어웨이크닝 바디워시',
  'AROMATICA',
  'body_wash',
  'aromatic',
  'mid',
  '["shower"]'::jsonb,
  '페퍼민트의 시원한 향과 유칼립투스의 맑은 풀 향이 나는 바디워시예요.',
  'COLD RELIEF',
  '아침 샤워나 몸이 답답하게 느껴지는 날에 상쾌하게 쓰기 좋아요.',
  'active',
  '2026-04-22'
)
ON CONFLICT (id) DO UPDATE SET
  ingredient_key = EXCLUDED.ingredient_key,
  name_ko = EXCLUDED.name_ko,
  brand = EXCLUDED.brand,
  category = EXCLUDED.category,
  mechanism = EXCLUDED.mechanism,
  price_tier = EXCLUDED.price_tier,
  environments = EXCLUDED.environments,
  summary = EXCLUDED.summary,
  editorial_eyebrow = EXCLUDED.editorial_eyebrow,
  editorial_footer_hint = EXCLUDED.editorial_footer_hint,
  status = EXCLUDED.status,
  last_verified_at = EXCLUDED.last_verified_at,
  updated_at = NOW();
INSERT INTO product_market_listing (
  id, canonical_product_id, market, source_url, title_snapshot, seller_snapshot,
  price_snapshot_krw, availability, verified_at, source_confidence, notes
) VALUES (
  'listing_danawa_bs_v1_003_01',
  'bs_v1_003',
  'danawa',
  'https://prod.danawa.com/info/?pcode=30478328',
  '바스로망 밀크 프로테인',
  '다나와 가격비교',
  9500,
  'active',
  '2026-04-22',
  0.95,
  '가격 비교 링크. 직접 구매 링크 확보 시 primary listing 교체 권장'
)
ON CONFLICT (id) DO UPDATE SET
  canonical_product_id = EXCLUDED.canonical_product_id,
  market = EXCLUDED.market,
  source_url = EXCLUDED.source_url,
  title_snapshot = EXCLUDED.title_snapshot,
  seller_snapshot = EXCLUDED.seller_snapshot,
  price_snapshot_krw = EXCLUDED.price_snapshot_krw,
  availability = EXCLUDED.availability,
  verified_at = EXCLUDED.verified_at,
  source_confidence = EXCLUDED.source_confidence,
  notes = EXCLUDED.notes,
  updated_at = NOW();
INSERT INTO product_market_listing (
  id, canonical_product_id, market, source_url, title_snapshot, seller_snapshot,
  price_snapshot_krw, availability, verified_at, source_confidence, notes
) VALUES (
  'listing_naver_bs_v1_005_01',
  'bs_v1_005',
  'naver_smartstore',
  'https://shop.mallpass.co.kr/mall/view/goodsNo/20938948',
  'BARTH 바스 중성 중탄산 입욕제 90정',
  '몰패스스토어',
  54600,
  'unknown',
  '2026-04-22',
  0.7,
  '일본 직구 상품. 배송 지연과 관세 리스크 확인 필요'
)
ON CONFLICT (id) DO UPDATE SET
  canonical_product_id = EXCLUDED.canonical_product_id,
  market = EXCLUDED.market,
  source_url = EXCLUDED.source_url,
  title_snapshot = EXCLUDED.title_snapshot,
  seller_snapshot = EXCLUDED.seller_snapshot,
  price_snapshot_krw = EXCLUDED.price_snapshot_krw,
  availability = EXCLUDED.availability,
  verified_at = EXCLUDED.verified_at,
  source_confidence = EXCLUDED.source_confidence,
  notes = EXCLUDED.notes,
  updated_at = NOW();
INSERT INTO product_market_listing (
  id, canonical_product_id, market, source_url, title_snapshot, seller_snapshot,
  price_snapshot_krw, availability, verified_at, source_confidence, notes
) VALUES (
  'listing_other_bs_v1_006_01',
  'bs_v1_006',
  'other',
  'https://japanday.kr/product/카오-바브-입욕제-라벤더향-20정입/263/',
  '카오 바브 입욕제 라벤더향 20정입',
  '오픈마켓 대행',
  11760,
  'active',
  '2026-04-22',
  0.8,
  NULL
)
ON CONFLICT (id) DO UPDATE SET
  canonical_product_id = EXCLUDED.canonical_product_id,
  market = EXCLUDED.market,
  source_url = EXCLUDED.source_url,
  title_snapshot = EXCLUDED.title_snapshot,
  seller_snapshot = EXCLUDED.seller_snapshot,
  price_snapshot_krw = EXCLUDED.price_snapshot_krw,
  availability = EXCLUDED.availability,
  verified_at = EXCLUDED.verified_at,
  source_confidence = EXCLUDED.source_confidence,
  notes = EXCLUDED.notes,
  updated_at = NOW();
INSERT INTO product_market_listing (
  id, canonical_product_id, market, source_url, title_snapshot, seller_snapshot,
  price_snapshot_krw, availability, verified_at, source_confidence, notes
) VALUES (
  'listing_kurly_bs_v1_007_01',
  'bs_v1_007',
  'kurly',
  'https://www.kurly.com/goods/5060122',
  '아로마티카 서렌 바디워시 라벤더 & 마조람',
  '마켓컬리',
  25000,
  'active',
  '2026-04-22',
  0.8,
  NULL
)
ON CONFLICT (id) DO UPDATE SET
  canonical_product_id = EXCLUDED.canonical_product_id,
  market = EXCLUDED.market,
  source_url = EXCLUDED.source_url,
  title_snapshot = EXCLUDED.title_snapshot,
  seller_snapshot = EXCLUDED.seller_snapshot,
  price_snapshot_krw = EXCLUDED.price_snapshot_krw,
  availability = EXCLUDED.availability,
  verified_at = EXCLUDED.verified_at,
  source_confidence = EXCLUDED.source_confidence,
  notes = EXCLUDED.notes,
  updated_at = NOW();
INSERT INTO product_market_listing (
  id, canonical_product_id, market, source_url, title_snapshot, seller_snapshot,
  price_snapshot_krw, availability, verified_at, source_confidence, notes
) VALUES (
  'listing_other_bs_v1_009_01',
  'bs_v1_009',
  'other',
  'https://www.wishbucket.io/items/3581186',
  '바스로망 히노끼 입욕제',
  '위시버킷',
  9670,
  'active',
  '2026-04-22',
  0.9,
  '상품 확인 링크. 직접 구매 링크 확보 시 primary listing 교체 권장'
)
ON CONFLICT (id) DO UPDATE SET
  canonical_product_id = EXCLUDED.canonical_product_id,
  market = EXCLUDED.market,
  source_url = EXCLUDED.source_url,
  title_snapshot = EXCLUDED.title_snapshot,
  seller_snapshot = EXCLUDED.seller_snapshot,
  price_snapshot_krw = EXCLUDED.price_snapshot_krw,
  availability = EXCLUDED.availability,
  verified_at = EXCLUDED.verified_at,
  source_confidence = EXCLUDED.source_confidence,
  notes = EXCLUDED.notes,
  updated_at = NOW();
INSERT INTO product_market_listing (
  id, canonical_product_id, market, source_url, title_snapshot, seller_snapshot,
  price_snapshot_krw, availability, verified_at, source_confidence, notes
) VALUES (
  'listing_oliveyoung_bs_v1_013_01',
  'bs_v1_013',
  'oliveyoung',
  'https://www.oliveyoung.co.kr/store/goods/getGoodsDetail.do?goodsNo=A000000152995',
  '뉴트로지나 레인바스 오리지널 엠버 바디워시',
  '올리브영',
  9900,
  'active',
  '2026-04-22',
  0.95,
  NULL
)
ON CONFLICT (id) DO UPDATE SET
  canonical_product_id = EXCLUDED.canonical_product_id,
  market = EXCLUDED.market,
  source_url = EXCLUDED.source_url,
  title_snapshot = EXCLUDED.title_snapshot,
  seller_snapshot = EXCLUDED.seller_snapshot,
  price_snapshot_krw = EXCLUDED.price_snapshot_krw,
  availability = EXCLUDED.availability,
  verified_at = EXCLUDED.verified_at,
  source_confidence = EXCLUDED.source_confidence,
  notes = EXCLUDED.notes,
  updated_at = NOW();
INSERT INTO product_market_listing (
  id, canonical_product_id, market, source_url, title_snapshot, seller_snapshot,
  price_snapshot_krw, availability, verified_at, source_confidence, notes
) VALUES (
  'listing_kurly_bs_v1_014_01',
  'bs_v1_014',
  'kurly',
  'https://www.kurly.com/goods/1000332767',
  '아로마티카 멜로우니스 오일 인 바디워시 메그놀리아&샌달우드',
  '마켓컬리',
  20250,
  'active',
  '2026-04-22',
  0.85,
  NULL
)
ON CONFLICT (id) DO UPDATE SET
  canonical_product_id = EXCLUDED.canonical_product_id,
  market = EXCLUDED.market,
  source_url = EXCLUDED.source_url,
  title_snapshot = EXCLUDED.title_snapshot,
  seller_snapshot = EXCLUDED.seller_snapshot,
  price_snapshot_krw = EXCLUDED.price_snapshot_krw,
  availability = EXCLUDED.availability,
  verified_at = EXCLUDED.verified_at,
  source_confidence = EXCLUDED.source_confidence,
  notes = EXCLUDED.notes,
  updated_at = NOW();
INSERT INTO product_market_listing (
  id, canonical_product_id, market, source_url, title_snapshot, seller_snapshot,
  price_snapshot_krw, availability, verified_at, source_confidence, notes
) VALUES (
  'listing_other_bs_v1_016_01',
  'bs_v1_016',
  'other',
  'https://m.gsshop.com/search/searchSect.gs?lseq=415660&tq=%EC%9E%85%EC%9A%95%EC%A0%9C',
  '바스파 바스솔트',
  '오픈마켓 대행',
  15900,
  'active',
  '2026-04-22',
  0.8,
  '검색 링크 기반. 직접 상품 URL 확보 시 교체 권장'
)
ON CONFLICT (id) DO UPDATE SET
  canonical_product_id = EXCLUDED.canonical_product_id,
  market = EXCLUDED.market,
  source_url = EXCLUDED.source_url,
  title_snapshot = EXCLUDED.title_snapshot,
  seller_snapshot = EXCLUDED.seller_snapshot,
  price_snapshot_krw = EXCLUDED.price_snapshot_krw,
  availability = EXCLUDED.availability,
  verified_at = EXCLUDED.verified_at,
  source_confidence = EXCLUDED.source_confidence,
  notes = EXCLUDED.notes,
  updated_at = NOW();
INSERT INTO product_market_listing (
  id, canonical_product_id, market, source_url, title_snapshot, seller_snapshot,
  price_snapshot_krw, availability, verified_at, source_confidence, notes
) VALUES (
  'listing_danawa_bs_v1_020_01',
  'bs_v1_020',
  'danawa',
  'https://search.danawa.com/dsearch.php?query=엡섬솔트',
  '닥터틸즈 퓨어 엡섬 솔트 소킹 솔루션 밀크 앤 허니 1.36kg',
  '다나와 가격비교',
  12750,
  'active',
  '2026-04-22',
  0.85,
  '검색 링크 기반. 직접 상품 URL 확보 시 교체 권장'
)
ON CONFLICT (id) DO UPDATE SET
  canonical_product_id = EXCLUDED.canonical_product_id,
  market = EXCLUDED.market,
  source_url = EXCLUDED.source_url,
  title_snapshot = EXCLUDED.title_snapshot,
  seller_snapshot = EXCLUDED.seller_snapshot,
  price_snapshot_krw = EXCLUDED.price_snapshot_krw,
  availability = EXCLUDED.availability,
  verified_at = EXCLUDED.verified_at,
  source_confidence = EXCLUDED.source_confidence,
  notes = EXCLUDED.notes,
  updated_at = NOW();
INSERT INTO product_market_listing (
  id, canonical_product_id, market, source_url, title_snapshot, seller_snapshot,
  price_snapshot_krw, availability, verified_at, source_confidence, notes
) VALUES (
  'listing_oliveyoung_bs_v1_021_01',
  'bs_v1_021',
  'oliveyoung',
  'https://m.oliveyoung.co.kr/m/G.do?goodsNo=A000000229545',
  '아로마티카 어웨이크닝 바디워시 페퍼민트&유칼립투스 300ml',
  '올리브영',
  21000,
  'active',
  '2026-04-22',
  0.95,
  NULL
)
ON CONFLICT (id) DO UPDATE SET
  canonical_product_id = EXCLUDED.canonical_product_id,
  market = EXCLUDED.market,
  source_url = EXCLUDED.source_url,
  title_snapshot = EXCLUDED.title_snapshot,
  seller_snapshot = EXCLUDED.seller_snapshot,
  price_snapshot_krw = EXCLUDED.price_snapshot_krw,
  availability = EXCLUDED.availability,
  verified_at = EXCLUDED.verified_at,
  source_confidence = EXCLUDED.source_confidence,
  notes = EXCLUDED.notes,
  updated_at = NOW();
INSERT INTO product_match_rule (
  id, canonical_product_id, ingredient_keys, allowed_environments, mode_bias,
  priority_weight, is_sommelier_pick_candidate, status
) VALUES (
  'rule_bs_v1_003',
  'bs_v1_003',
  '["body_wash_relaxing"]'::jsonb,
  '["bathtub"]'::jsonb,
  '["care"]'::jsonb,
  70,
  FALSE,
  'active'
)
ON CONFLICT (id) DO UPDATE SET
  canonical_product_id = EXCLUDED.canonical_product_id,
  ingredient_keys = EXCLUDED.ingredient_keys,
  allowed_environments = EXCLUDED.allowed_environments,
  mode_bias = EXCLUDED.mode_bias,
  priority_weight = EXCLUDED.priority_weight,
  is_sommelier_pick_candidate = EXCLUDED.is_sommelier_pick_candidate,
  status = EXCLUDED.status,
  updated_at = NOW();
INSERT INTO product_match_rule (
  id, canonical_product_id, ingredient_keys, allowed_environments, mode_bias,
  priority_weight, is_sommelier_pick_candidate, status
) VALUES (
  'rule_bs_v1_005',
  'bs_v1_005',
  '["carbonated_bath"]'::jsonb,
  '["bathtub"]'::jsonb,
  '["reset"]'::jsonb,
  95,
  TRUE,
  'active'
)
ON CONFLICT (id) DO UPDATE SET
  canonical_product_id = EXCLUDED.canonical_product_id,
  ingredient_keys = EXCLUDED.ingredient_keys,
  allowed_environments = EXCLUDED.allowed_environments,
  mode_bias = EXCLUDED.mode_bias,
  priority_weight = EXCLUDED.priority_weight,
  is_sommelier_pick_candidate = EXCLUDED.is_sommelier_pick_candidate,
  status = EXCLUDED.status,
  updated_at = NOW();
INSERT INTO product_match_rule (
  id, canonical_product_id, ingredient_keys, allowed_environments, mode_bias,
  priority_weight, is_sommelier_pick_candidate, status
) VALUES (
  'rule_bs_v1_006',
  'bs_v1_006',
  '["carbonated_bath"]'::jsonb,
  '["bathtub"]'::jsonb,
  '["care","reset"]'::jsonb,
  75,
  FALSE,
  'active'
)
ON CONFLICT (id) DO UPDATE SET
  canonical_product_id = EXCLUDED.canonical_product_id,
  ingredient_keys = EXCLUDED.ingredient_keys,
  allowed_environments = EXCLUDED.allowed_environments,
  mode_bias = EXCLUDED.mode_bias,
  priority_weight = EXCLUDED.priority_weight,
  is_sommelier_pick_candidate = EXCLUDED.is_sommelier_pick_candidate,
  status = EXCLUDED.status,
  updated_at = NOW();
INSERT INTO product_match_rule (
  id, canonical_product_id, ingredient_keys, allowed_environments, mode_bias,
  priority_weight, is_sommelier_pick_candidate, status
) VALUES (
  'rule_bs_v1_007',
  'bs_v1_007',
  '["body_wash_relaxing"]'::jsonb,
  '["shower"]'::jsonb,
  '["care","sleep"]'::jsonb,
  80,
  FALSE,
  'active'
)
ON CONFLICT (id) DO UPDATE SET
  canonical_product_id = EXCLUDED.canonical_product_id,
  ingredient_keys = EXCLUDED.ingredient_keys,
  allowed_environments = EXCLUDED.allowed_environments,
  mode_bias = EXCLUDED.mode_bias,
  priority_weight = EXCLUDED.priority_weight,
  is_sommelier_pick_candidate = EXCLUDED.is_sommelier_pick_candidate,
  status = EXCLUDED.status,
  updated_at = NOW();
INSERT INTO product_match_rule (
  id, canonical_product_id, ingredient_keys, allowed_environments, mode_bias,
  priority_weight, is_sommelier_pick_candidate, status
) VALUES (
  'rule_bs_v1_009',
  'bs_v1_009',
  '["hinoki_oil"]'::jsonb,
  '["bathtub"]'::jsonb,
  '["trip","reset"]'::jsonb,
  75,
  FALSE,
  'active'
)
ON CONFLICT (id) DO UPDATE SET
  canonical_product_id = EXCLUDED.canonical_product_id,
  ingredient_keys = EXCLUDED.ingredient_keys,
  allowed_environments = EXCLUDED.allowed_environments,
  mode_bias = EXCLUDED.mode_bias,
  priority_weight = EXCLUDED.priority_weight,
  is_sommelier_pick_candidate = EXCLUDED.is_sommelier_pick_candidate,
  status = EXCLUDED.status,
  updated_at = NOW();
INSERT INTO product_match_rule (
  id, canonical_product_id, ingredient_keys, allowed_environments, mode_bias,
  priority_weight, is_sommelier_pick_candidate, status
) VALUES (
  'rule_bs_v1_013',
  'bs_v1_013',
  '["body_wash_relaxing"]'::jsonb,
  '["shower"]'::jsonb,
  '["trip","care"]'::jsonb,
  80,
  FALSE,
  'active'
)
ON CONFLICT (id) DO UPDATE SET
  canonical_product_id = EXCLUDED.canonical_product_id,
  ingredient_keys = EXCLUDED.ingredient_keys,
  allowed_environments = EXCLUDED.allowed_environments,
  mode_bias = EXCLUDED.mode_bias,
  priority_weight = EXCLUDED.priority_weight,
  is_sommelier_pick_candidate = EXCLUDED.is_sommelier_pick_candidate,
  status = EXCLUDED.status,
  updated_at = NOW();
INSERT INTO product_match_rule (
  id, canonical_product_id, ingredient_keys, allowed_environments, mode_bias,
  priority_weight, is_sommelier_pick_candidate, status
) VALUES (
  'rule_bs_v1_014',
  'bs_v1_014',
  '["body_wash_relaxing"]'::jsonb,
  '["shower"]'::jsonb,
  '["trip","care"]'::jsonb,
  88,
  TRUE,
  'active'
)
ON CONFLICT (id) DO UPDATE SET
  canonical_product_id = EXCLUDED.canonical_product_id,
  ingredient_keys = EXCLUDED.ingredient_keys,
  allowed_environments = EXCLUDED.allowed_environments,
  mode_bias = EXCLUDED.mode_bias,
  priority_weight = EXCLUDED.priority_weight,
  is_sommelier_pick_candidate = EXCLUDED.is_sommelier_pick_candidate,
  status = EXCLUDED.status,
  updated_at = NOW();
INSERT INTO product_match_rule (
  id, canonical_product_id, ingredient_keys, allowed_environments, mode_bias,
  priority_weight, is_sommelier_pick_candidate, status
) VALUES (
  'rule_bs_v1_016',
  'bs_v1_016',
  '["epsom_salt"]'::jsonb,
  '["bathtub"]'::jsonb,
  '["recovery","reset"]'::jsonb,
  75,
  FALSE,
  'active'
)
ON CONFLICT (id) DO UPDATE SET
  canonical_product_id = EXCLUDED.canonical_product_id,
  ingredient_keys = EXCLUDED.ingredient_keys,
  allowed_environments = EXCLUDED.allowed_environments,
  mode_bias = EXCLUDED.mode_bias,
  priority_weight = EXCLUDED.priority_weight,
  is_sommelier_pick_candidate = EXCLUDED.is_sommelier_pick_candidate,
  status = EXCLUDED.status,
  updated_at = NOW();
INSERT INTO product_match_rule (
  id, canonical_product_id, ingredient_keys, allowed_environments, mode_bias,
  priority_weight, is_sommelier_pick_candidate, status
) VALUES (
  'rule_bs_v1_020',
  'bs_v1_020',
  '["epsom_salt"]'::jsonb,
  '["bathtub"]'::jsonb,
  '["care","recovery"]'::jsonb,
  85,
  FALSE,
  'active'
)
ON CONFLICT (id) DO UPDATE SET
  canonical_product_id = EXCLUDED.canonical_product_id,
  ingredient_keys = EXCLUDED.ingredient_keys,
  allowed_environments = EXCLUDED.allowed_environments,
  mode_bias = EXCLUDED.mode_bias,
  priority_weight = EXCLUDED.priority_weight,
  is_sommelier_pick_candidate = EXCLUDED.is_sommelier_pick_candidate,
  status = EXCLUDED.status,
  updated_at = NOW();
INSERT INTO product_match_rule (
  id, canonical_product_id, ingredient_keys, allowed_environments, mode_bias,
  priority_weight, is_sommelier_pick_candidate, status
) VALUES (
  'rule_bs_v1_021',
  'bs_v1_021',
  '["body_wash_relaxing"]'::jsonb,
  '["shower"]'::jsonb,
  '["reset","recovery"]'::jsonb,
  80,
  FALSE,
  'active'
)
ON CONFLICT (id) DO UPDATE SET
  canonical_product_id = EXCLUDED.canonical_product_id,
  ingredient_keys = EXCLUDED.ingredient_keys,
  allowed_environments = EXCLUDED.allowed_environments,
  mode_bias = EXCLUDED.mode_bias,
  priority_weight = EXCLUDED.priority_weight,
  is_sommelier_pick_candidate = EXCLUDED.is_sommelier_pick_candidate,
  status = EXCLUDED.status,
  updated_at = NOW();
COMMIT;
