-- Generated by scripts/export_content_seed_postgres.mjs
-- Source: current static app content seed
BEGIN;
INSERT INTO product_presentation (
  canonical_product_id, tags, emoji, bg_color, safety_flags, status
) VALUES (
  'bs_v1_013',
  '["엠버","허브향","따뜻한잔향"]'::jsonb,
  'RB',
  '#E3D6C9',
  '["sensitive_skin"]'::jsonb,
  'active'
)
ON CONFLICT (canonical_product_id) DO UPDATE SET
  tags = EXCLUDED.tags,
  emoji = EXCLUDED.emoji,
  bg_color = EXCLUDED.bg_color,
  safety_flags = EXCLUDED.safety_flags,
  status = EXCLUDED.status,
  updated_at = NOW();
INSERT INTO product_presentation (
  canonical_product_id, tags, emoji, bg_color, safety_flags, status
) VALUES (
  'bs_v1_020',
  '["밀크앤허니","마그네슘","엡섬솔트"]'::jsonb,
  'DT',
  '#F0DFC8',
  '[]'::jsonb,
  'active'
)
ON CONFLICT (canonical_product_id) DO UPDATE SET
  tags = EXCLUDED.tags,
  emoji = EXCLUDED.emoji,
  bg_color = EXCLUDED.bg_color,
  safety_flags = EXCLUDED.safety_flags,
  status = EXCLUDED.status,
  updated_at = NOW();
INSERT INTO product_presentation (
  canonical_product_id, tags, emoji, bg_color, safety_flags, status
) VALUES (
  'bs_v1_003',
  '["보습","우유단백질","데일리"]'::jsonb,
  'BR',
  '#EADBCB',
  '[]'::jsonb,
  'active'
)
ON CONFLICT (canonical_product_id) DO UPDATE SET
  tags = EXCLUDED.tags,
  emoji = EXCLUDED.emoji,
  bg_color = EXCLUDED.bg_color,
  safety_flags = EXCLUDED.safety_flags,
  status = EXCLUDED.status,
  updated_at = NOW();
INSERT INTO product_presentation (
  canonical_product_id, tags, emoji, bg_color, safety_flags, status
) VALUES (
  'bs_v1_009',
  '["히노끼","편백향","숲느낌"]'::jsonb,
  'HK',
  '#D7E1C3',
  '[]'::jsonb,
  'active'
)
ON CONFLICT (canonical_product_id) DO UPDATE SET
  tags = EXCLUDED.tags,
  emoji = EXCLUDED.emoji,
  bg_color = EXCLUDED.bg_color,
  safety_flags = EXCLUDED.safety_flags,
  status = EXCLUDED.status,
  updated_at = NOW();
INSERT INTO product_presentation (
  canonical_product_id, tags, emoji, bg_color, safety_flags, status
) VALUES (
  'bs_v1_016',
  '["천일염","무향","족욕"]'::jsonb,
  'BP',
  '#D8E6E2',
  '[]'::jsonb,
  'active'
)
ON CONFLICT (canonical_product_id) DO UPDATE SET
  tags = EXCLUDED.tags,
  emoji = EXCLUDED.emoji,
  bg_color = EXCLUDED.bg_color,
  safety_flags = EXCLUDED.safety_flags,
  status = EXCLUDED.status,
  updated_at = NOW();
INSERT INTO product_presentation (
  canonical_product_id, tags, emoji, bg_color, safety_flags, status
) VALUES (
  'bs_v1_014',
  '["매그놀리아","샌달우드","부드러운향"]'::jsonb,
  'AM',
  '#E5D9D4',
  '[]'::jsonb,
  'active'
)
ON CONFLICT (canonical_product_id) DO UPDATE SET
  tags = EXCLUDED.tags,
  emoji = EXCLUDED.emoji,
  bg_color = EXCLUDED.bg_color,
  safety_flags = EXCLUDED.safety_flags,
  status = EXCLUDED.status,
  updated_at = NOW();
INSERT INTO product_presentation (
  canonical_product_id, tags, emoji, bg_color, safety_flags, status
) VALUES (
  'bs_v1_007',
  '["라벤더","마조람","저녁샤워"]'::jsonb,
  'AS',
  '#D8E3D4',
  '["pregnant"]'::jsonb,
  'active'
)
ON CONFLICT (canonical_product_id) DO UPDATE SET
  tags = EXCLUDED.tags,
  emoji = EXCLUDED.emoji,
  bg_color = EXCLUDED.bg_color,
  safety_flags = EXCLUDED.safety_flags,
  status = EXCLUDED.status,
  updated_at = NOW();
INSERT INTO product_presentation (
  canonical_product_id, tags, emoji, bg_color, safety_flags, status
) VALUES (
  'bs_v1_021',
  '["페퍼민트","유칼립투스","아침샤워"]'::jsonb,
  'AW',
  '#D6E9E3',
  '["pregnant","sensitive_skin"]'::jsonb,
  'active'
)
ON CONFLICT (canonical_product_id) DO UPDATE SET
  tags = EXCLUDED.tags,
  emoji = EXCLUDED.emoji,
  bg_color = EXCLUDED.bg_color,
  safety_flags = EXCLUDED.safety_flags,
  status = EXCLUDED.status,
  updated_at = NOW();
INSERT INTO product_presentation (
  canonical_product_id, tags, emoji, bg_color, safety_flags, status
) VALUES (
  'bs_v1_006',
  '["라벤더","발포","반신욕"]'::jsonb,
  'KB',
  '#DED7F0',
  '["pregnant","sensitive_skin"]'::jsonb,
  'active'
)
ON CONFLICT (canonical_product_id) DO UPDATE SET
  tags = EXCLUDED.tags,
  emoji = EXCLUDED.emoji,
  bg_color = EXCLUDED.bg_color,
  safety_flags = EXCLUDED.safety_flags,
  status = EXCLUDED.status,
  updated_at = NOW();
INSERT INTO care_intent (
  id, intent_id, mapped_mode, allowed_environments, copy_title,
  copy_subtitle_by_environment, default_subprotocol_id, card_position, status
) VALUES (
  'care_muscle_relief',
  'muscle_relief',
  'recovery',
  '["bathtub","partial_bath","shower"]'::jsonb,
  '운동 후 뻐근함을 풀어볼까요?',
  '{"shower":"샤워 5분으로 가볍게 이완해요.","bathtub":"욕조 12분으로 깊게 풀어줘요.","partial_bath":"족욕 10분으로 하체를 먼저 풀어요."}'::jsonb,
  'muscle_whole_body',
  1,
  'active'
)
ON CONFLICT (id) DO UPDATE SET
  intent_id = EXCLUDED.intent_id,
  mapped_mode = EXCLUDED.mapped_mode,
  allowed_environments = EXCLUDED.allowed_environments,
  copy_title = EXCLUDED.copy_title,
  copy_subtitle_by_environment = EXCLUDED.copy_subtitle_by_environment,
  default_subprotocol_id = EXCLUDED.default_subprotocol_id,
  card_position = EXCLUDED.card_position,
  status = EXCLUDED.status,
  updated_at = NOW();
INSERT INTO care_intent (
  id, intent_id, mapped_mode, allowed_environments, copy_title,
  copy_subtitle_by_environment, default_subprotocol_id, card_position, status
) VALUES (
  'care_sleep_ready',
  'sleep_ready',
  'sleep',
  '["bathtub","partial_bath","shower"]'::jsonb,
  '잠들기 어려울 때 좋은 루틴',
  '{"shower":"샤워 6분으로 잠들기 전 긴장을 낮춰요.","bathtub":"욕조 15분으로 수면 준비를 도와요.","partial_bath":"족욕 10분으로 몸을 천천히 가라앉혀요."}'::jsonb,
  'sleep_sensitive',
  2,
  'active'
)
ON CONFLICT (id) DO UPDATE SET
  intent_id = EXCLUDED.intent_id,
  mapped_mode = EXCLUDED.mapped_mode,
  allowed_environments = EXCLUDED.allowed_environments,
  copy_title = EXCLUDED.copy_title,
  copy_subtitle_by_environment = EXCLUDED.copy_subtitle_by_environment,
  default_subprotocol_id = EXCLUDED.default_subprotocol_id,
  card_position = EXCLUDED.card_position,
  status = EXCLUDED.status,
  updated_at = NOW();
INSERT INTO care_intent (
  id, intent_id, mapped_mode, allowed_environments, copy_title,
  copy_subtitle_by_environment, default_subprotocol_id, card_position, status
) VALUES (
  'care_hangover_relief',
  'hangover_relief',
  'reset',
  '["partial_bath"]'::jsonb,
  '술 마신 다음엔 이렇게 시작해보세요',
  '{"shower":"전신 입욕은 건너뛰고 미지근한 족욕만 진행해요.","bathtub":"전신 입욕은 건너뛰고 미지근한 족욕만 진행해요.","partial_bath":"미지근한 족욕 8분으로 부담 없이 정리해요."}'::jsonb,
  'hangover_sensitive',
  3,
  'active'
)
ON CONFLICT (id) DO UPDATE SET
  intent_id = EXCLUDED.intent_id,
  mapped_mode = EXCLUDED.mapped_mode,
  allowed_environments = EXCLUDED.allowed_environments,
  copy_title = EXCLUDED.copy_title,
  copy_subtitle_by_environment = EXCLUDED.copy_subtitle_by_environment,
  default_subprotocol_id = EXCLUDED.default_subprotocol_id,
  card_position = EXCLUDED.card_position,
  status = EXCLUDED.status,
  updated_at = NOW();
INSERT INTO care_intent (
  id, intent_id, mapped_mode, allowed_environments, copy_title,
  copy_subtitle_by_environment, default_subprotocol_id, card_position, status
) VALUES (
  'care_edema_relief',
  'edema_relief',
  'recovery',
  '["partial_bath","bathtub"]'::jsonb,
  '붓기가 느껴질 때 해보세요',
  '{"shower":"샤워는 임시 대안이에요. 가능하면 욕조나 족욕으로 진행해요.","bathtub":"욕조 10분으로 붓기 완화에 먼저 집중해요.","partial_bath":"족욕 12분으로 하체 붓기를 가볍게 풀어줘요."}'::jsonb,
  'edema_lower',
  4,
  'active'
)
ON CONFLICT (id) DO UPDATE SET
  intent_id = EXCLUDED.intent_id,
  mapped_mode = EXCLUDED.mapped_mode,
  allowed_environments = EXCLUDED.allowed_environments,
  copy_title = EXCLUDED.copy_title,
  copy_subtitle_by_environment = EXCLUDED.copy_subtitle_by_environment,
  default_subprotocol_id = EXCLUDED.default_subprotocol_id,
  card_position = EXCLUDED.card_position,
  status = EXCLUDED.status,
  updated_at = NOW();
INSERT INTO care_intent (
  id, intent_id, mapped_mode, allowed_environments, copy_title,
  copy_subtitle_by_environment, default_subprotocol_id, card_position, status
) VALUES (
  'care_cold_relief',
  'cold_relief',
  'recovery',
  '["bathtub","partial_bath"]'::jsonb,
  '감기 기운이 느껴질 때',
  '{"shower":"샤워보다 욕조나 족욕을 권장해요.","bathtub":"욕조 10분으로 몸을 따뜻하게 풀어요.","partial_bath":"족욕 12분으로 몸을 천천히 덥혀요."}'::jsonb,
  'cold_warm',
  5,
  'active'
)
ON CONFLICT (id) DO UPDATE SET
  intent_id = EXCLUDED.intent_id,
  mapped_mode = EXCLUDED.mapped_mode,
  allowed_environments = EXCLUDED.allowed_environments,
  copy_title = EXCLUDED.copy_title,
  copy_subtitle_by_environment = EXCLUDED.copy_subtitle_by_environment,
  default_subprotocol_id = EXCLUDED.default_subprotocol_id,
  card_position = EXCLUDED.card_position,
  status = EXCLUDED.status,
  updated_at = NOW();
INSERT INTO care_intent (
  id, intent_id, mapped_mode, allowed_environments, copy_title,
  copy_subtitle_by_environment, default_subprotocol_id, card_position, status
) VALUES (
  'care_menstrual_relief',
  'menstrual_relief',
  'recovery',
  '["bathtub","partial_bath"]'::jsonb,
  '생리통이 있을 때',
  '{"shower":"샤워보다 욕조나 족욕이 더 잘 맞아요.","bathtub":"욕조 12분으로 아랫배를 따뜻하게 풀어요.","partial_bath":"족욕 15분으로 하체를 집중적으로 덥혀요."}'::jsonb,
  'menstrual_warm',
  6,
  'active'
)
ON CONFLICT (id) DO UPDATE SET
  intent_id = EXCLUDED.intent_id,
  mapped_mode = EXCLUDED.mapped_mode,
  allowed_environments = EXCLUDED.allowed_environments,
  copy_title = EXCLUDED.copy_title,
  copy_subtitle_by_environment = EXCLUDED.copy_subtitle_by_environment,
  default_subprotocol_id = EXCLUDED.default_subprotocol_id,
  card_position = EXCLUDED.card_position,
  status = EXCLUDED.status,
  updated_at = NOW();
INSERT INTO care_intent (
  id, intent_id, mapped_mode, allowed_environments, copy_title,
  copy_subtitle_by_environment, default_subprotocol_id, card_position, status
) VALUES (
  'care_stress_relief',
  'stress_relief',
  'reset',
  '["bathtub","shower","partial_bath"]'::jsonb,
  '스트레스를 풀고 싶을 때',
  '{"shower":"샤워 6분으로 긴장을 빠르게 덜어내요.","bathtub":"욕조 12분으로 조금 더 천천히 내려놓아요.","partial_bath":"족욕 10분으로 차분하게 전환해요."}'::jsonb,
  'stress_deep',
  7,
  'active'
)
ON CONFLICT (id) DO UPDATE SET
  intent_id = EXCLUDED.intent_id,
  mapped_mode = EXCLUDED.mapped_mode,
  allowed_environments = EXCLUDED.allowed_environments,
  copy_title = EXCLUDED.copy_title,
  copy_subtitle_by_environment = EXCLUDED.copy_subtitle_by_environment,
  default_subprotocol_id = EXCLUDED.default_subprotocol_id,
  card_position = EXCLUDED.card_position,
  status = EXCLUDED.status,
  updated_at = NOW();
INSERT INTO care_intent (
  id, intent_id, mapped_mode, allowed_environments, copy_title,
  copy_subtitle_by_environment, default_subprotocol_id, card_position, status
) VALUES (
  'care_mood_lift',
  'mood_lift',
  'sleep',
  '["bathtub","shower","partial_bath"]'::jsonb,
  '기분 전환이 필요할 때',
  '{"shower":"샤워 5분으로 기분 리셋을 시작해요.","bathtub":"욕조 10분으로 기분을 부드럽게 들어올려요.","partial_bath":"족욕 10분으로 기분 전환을 시작해요."}'::jsonb,
  'mood_warm',
  8,
  'active'
)
ON CONFLICT (id) DO UPDATE SET
  intent_id = EXCLUDED.intent_id,
  mapped_mode = EXCLUDED.mapped_mode,
  allowed_environments = EXCLUDED.allowed_environments,
  copy_title = EXCLUDED.copy_title,
  copy_subtitle_by_environment = EXCLUDED.copy_subtitle_by_environment,
  default_subprotocol_id = EXCLUDED.default_subprotocol_id,
  card_position = EXCLUDED.card_position,
  status = EXCLUDED.status,
  updated_at = NOW();
INSERT INTO care_subprotocol (
  id, intent_id, label, hint, is_default, partial_overrides, status
) VALUES (
  'muscle_lower_body',
  'muscle_relief',
  '하체가 뻐근해요',
  '하체 중심으로 부드럽게 풀어줘요.',
  FALSE,
  '{"behavior_blocks":["하체 가동 동작 1회"],"duration_delta":2,"environment_bias":"partial_bath"}'::jsonb,
  'active'
)
ON CONFLICT (id) DO UPDATE SET
  intent_id = EXCLUDED.intent_id,
  label = EXCLUDED.label,
  hint = EXCLUDED.hint,
  is_default = EXCLUDED.is_default,
  partial_overrides = EXCLUDED.partial_overrides,
  status = EXCLUDED.status,
  updated_at = NOW();
INSERT INTO care_subprotocol (
  id, intent_id, label, hint, is_default, partial_overrides, status
) VALUES (
  'muscle_upper_body',
  'muscle_relief',
  '어깨/목이 뻐근해요',
  '상체 이완에 더 집중해요.',
  FALSE,
  '{"behavior_blocks":["어깨/목 이완 동작 1회"],"duration_delta":1}'::jsonb,
  'active'
)
ON CONFLICT (id) DO UPDATE SET
  intent_id = EXCLUDED.intent_id,
  label = EXCLUDED.label,
  hint = EXCLUDED.hint,
  is_default = EXCLUDED.is_default,
  partial_overrides = EXCLUDED.partial_overrides,
  status = EXCLUDED.status,
  updated_at = NOW();
INSERT INTO care_subprotocol (
  id, intent_id, label, hint, is_default, partial_overrides, status
) VALUES (
  'muscle_whole_body',
  'muscle_relief',
  '전신이 무거워요',
  '전신을 고르게 풀어주는 기본 루틴이에요.',
  TRUE,
  '{"behavior_blocks":["전신 이완 동작 1회"]}'::jsonb,
  'active'
)
ON CONFLICT (id) DO UPDATE SET
  intent_id = EXCLUDED.intent_id,
  label = EXCLUDED.label,
  hint = EXCLUDED.hint,
  is_default = EXCLUDED.is_default,
  partial_overrides = EXCLUDED.partial_overrides,
  status = EXCLUDED.status,
  updated_at = NOW();
INSERT INTO care_subprotocol (
  id, intent_id, label, hint, is_default, partial_overrides, status
) VALUES (
  'sleep_thinking',
  'sleep_ready',
  '생각이 많아요',
  '호흡 구간으로 머리를 천천히 가라앉혀요.',
  FALSE,
  '{"behavior_blocks":["호흡 1분"],"lighting_adjustment":"조명 점진 감소","duration_delta":2}'::jsonb,
  'active'
)
ON CONFLICT (id) DO UPDATE SET
  intent_id = EXCLUDED.intent_id,
  label = EXCLUDED.label,
  hint = EXCLUDED.hint,
  is_default = EXCLUDED.is_default,
  partial_overrides = EXCLUDED.partial_overrides,
  status = EXCLUDED.status,
  updated_at = NOW();
INSERT INTO care_subprotocol (
  id, intent_id, label, hint, is_default, partial_overrides, status
) VALUES (
  'sleep_sensitive',
  'sleep_ready',
  '예민해서 잠이 안 와요',
  '자극을 줄이고 안정적으로 진행해요.',
  TRUE,
  '{"behavior_blocks":["리듬 최소화"],"lighting_adjustment":"저자극 조명"}'::jsonb,
  'active'
)
ON CONFLICT (id) DO UPDATE SET
  intent_id = EXCLUDED.intent_id,
  label = EXCLUDED.label,
  hint = EXCLUDED.hint,
  is_default = EXCLUDED.is_default,
  partial_overrides = EXCLUDED.partial_overrides,
  status = EXCLUDED.status,
  updated_at = NOW();
INSERT INTO care_subprotocol (
  id, intent_id, label, hint, is_default, partial_overrides, status
) VALUES (
  'hangover_sensitive',
  'hangover_relief',
  '두통이 있고 민감해요',
  '짧고 부드럽게 진행해요.',
  TRUE,
  '{"behavior_blocks":["짧은 안정 루틴"],"duration_delta":-2,"environment_bias":"partial_bath"}'::jsonb,
  'active'
)
ON CONFLICT (id) DO UPDATE SET
  intent_id = EXCLUDED.intent_id,
  label = EXCLUDED.label,
  hint = EXCLUDED.hint,
  is_default = EXCLUDED.is_default,
  partial_overrides = EXCLUDED.partial_overrides,
  status = EXCLUDED.status,
  updated_at = NOW();
INSERT INTO care_subprotocol (
  id, intent_id, label, hint, is_default, partial_overrides, status
) VALUES (
  'hangover_heavy',
  'hangover_relief',
  '몸이 무겁고 처져요',
  '중간 강도로 리듬을 한 번 전환해요.',
  FALSE,
  '{"behavior_blocks":["리듬 전환 1회"],"environment_bias":"partial_bath"}'::jsonb,
  'active'
)
ON CONFLICT (id) DO UPDATE SET
  intent_id = EXCLUDED.intent_id,
  label = EXCLUDED.label,
  hint = EXCLUDED.hint,
  is_default = EXCLUDED.is_default,
  partial_overrides = EXCLUDED.partial_overrides,
  status = EXCLUDED.status,
  updated_at = NOW();
INSERT INTO care_subprotocol (
  id, intent_id, label, hint, is_default, partial_overrides, status
) VALUES (
  'edema_lower',
  'edema_relief',
  '하체 붓기가 심해요',
  '하체 중심으로 순환을 도와요.',
  TRUE,
  '{"behavior_blocks":["발목/종아리 펌핑 1회"],"duration_delta":2,"environment_bias":"partial_bath"}'::jsonb,
  'active'
)
ON CONFLICT (id) DO UPDATE SET
  intent_id = EXCLUDED.intent_id,
  label = EXCLUDED.label,
  hint = EXCLUDED.hint,
  is_default = EXCLUDED.is_default,
  partial_overrides = EXCLUDED.partial_overrides,
  status = EXCLUDED.status,
  updated_at = NOW();
INSERT INTO care_subprotocol (
  id, intent_id, label, hint, is_default, partial_overrides, status
) VALUES (
  'edema_whole_body',
  'edema_relief',
  '전신이 붓는 느낌이에요',
  '짧은 단계 전환으로 부드럽게 정리해요.',
  FALSE,
  '{"behavior_blocks":["단계 전환 1회"]}'::jsonb,
  'active'
)
ON CONFLICT (id) DO UPDATE SET
  intent_id = EXCLUDED.intent_id,
  label = EXCLUDED.label,
  hint = EXCLUDED.hint,
  is_default = EXCLUDED.is_default,
  partial_overrides = EXCLUDED.partial_overrides,
  status = EXCLUDED.status,
  updated_at = NOW();
INSERT INTO care_subprotocol (
  id, intent_id, label, hint, is_default, partial_overrides, status
) VALUES (
  'cold_warm',
  'cold_relief',
  '몸이 으슬으슬해요',
  '몸을 천천히 덥혀 컨디션을 정리해요.',
  TRUE,
  '{"behavior_blocks":["체온 유지 구간 1회"],"duration_delta":2,"environment_bias":"bathtub"}'::jsonb,
  'active'
)
ON CONFLICT (id) DO UPDATE SET
  intent_id = EXCLUDED.intent_id,
  label = EXCLUDED.label,
  hint = EXCLUDED.hint,
  is_default = EXCLUDED.is_default,
  partial_overrides = EXCLUDED.partial_overrides,
  status = EXCLUDED.status,
  updated_at = NOW();
INSERT INTO care_subprotocol (
  id, intent_id, label, hint, is_default, partial_overrides, status
) VALUES (
  'cold_gentle',
  'cold_relief',
  '몸이 약한 상태예요',
  '자극 없이 순하게 진행해요.',
  FALSE,
  '{"behavior_blocks":["순한 안정 루틴"],"duration_delta":-2}'::jsonb,
  'active'
)
ON CONFLICT (id) DO UPDATE SET
  intent_id = EXCLUDED.intent_id,
  label = EXCLUDED.label,
  hint = EXCLUDED.hint,
  is_default = EXCLUDED.is_default,
  partial_overrides = EXCLUDED.partial_overrides,
  status = EXCLUDED.status,
  updated_at = NOW();
INSERT INTO care_subprotocol (
  id, intent_id, label, hint, is_default, partial_overrides, status
) VALUES (
  'menstrual_warm',
  'menstrual_relief',
  '아랫배가 아파요',
  '온열 중심으로 아랫배를 풀어줘요.',
  TRUE,
  '{"behavior_blocks":["온열 유지 구간 1회"],"duration_delta":3,"environment_bias":"bathtub"}'::jsonb,
  'active'
)
ON CONFLICT (id) DO UPDATE SET
  intent_id = EXCLUDED.intent_id,
  label = EXCLUDED.label,
  hint = EXCLUDED.hint,
  is_default = EXCLUDED.is_default,
  partial_overrides = EXCLUDED.partial_overrides,
  status = EXCLUDED.status,
  updated_at = NOW();
INSERT INTO care_subprotocol (
  id, intent_id, label, hint, is_default, partial_overrides, status
) VALUES (
  'menstrual_gentle',
  'menstrual_relief',
  '몸 전체가 무거워요',
  '순하게 이완하며 피로를 풀어요.',
  FALSE,
  '{"behavior_blocks":["순한 이완 루틴"]}'::jsonb,
  'active'
)
ON CONFLICT (id) DO UPDATE SET
  intent_id = EXCLUDED.intent_id,
  label = EXCLUDED.label,
  hint = EXCLUDED.hint,
  is_default = EXCLUDED.is_default,
  partial_overrides = EXCLUDED.partial_overrides,
  status = EXCLUDED.status,
  updated_at = NOW();
INSERT INTO care_subprotocol (
  id, intent_id, label, hint, is_default, partial_overrides, status
) VALUES (
  'stress_deep',
  'stress_relief',
  '머릿속이 복잡해요',
  '호흡 중심으로 생각을 비워드려요.',
  TRUE,
  '{"behavior_blocks":["호흡 2분"],"lighting_adjustment":"조명 점진 감소","duration_delta":2}'::jsonb,
  'active'
)
ON CONFLICT (id) DO UPDATE SET
  intent_id = EXCLUDED.intent_id,
  label = EXCLUDED.label,
  hint = EXCLUDED.hint,
  is_default = EXCLUDED.is_default,
  partial_overrides = EXCLUDED.partial_overrides,
  status = EXCLUDED.status,
  updated_at = NOW();
INSERT INTO care_subprotocol (
  id, intent_id, label, hint, is_default, partial_overrides, status
) VALUES (
  'stress_quick',
  'stress_relief',
  '빠르게 전환하고 싶어요',
  '짧고 강하게 리듬을 바꿔요.',
  FALSE,
  '{"behavior_blocks":["빠른 리듬 전환"],"duration_delta":-2}'::jsonb,
  'active'
)
ON CONFLICT (id) DO UPDATE SET
  intent_id = EXCLUDED.intent_id,
  label = EXCLUDED.label,
  hint = EXCLUDED.hint,
  is_default = EXCLUDED.is_default,
  partial_overrides = EXCLUDED.partial_overrides,
  status = EXCLUDED.status,
  updated_at = NOW();
INSERT INTO care_subprotocol (
  id, intent_id, label, hint, is_default, partial_overrides, status
) VALUES (
  'mood_warm',
  'mood_lift',
  '기분이 처져 있어요',
  '따뜻함으로 기분을 부드럽게 들어올려요.',
  TRUE,
  '{"behavior_blocks":["기분 전환 구간 1회"],"lighting_adjustment":"따뜻한 조명"}'::jsonb,
  'active'
)
ON CONFLICT (id) DO UPDATE SET
  intent_id = EXCLUDED.intent_id,
  label = EXCLUDED.label,
  hint = EXCLUDED.hint,
  is_default = EXCLUDED.is_default,
  partial_overrides = EXCLUDED.partial_overrides,
  status = EXCLUDED.status,
  updated_at = NOW();
INSERT INTO care_subprotocol (
  id, intent_id, label, hint, is_default, partial_overrides, status
) VALUES (
  'mood_active',
  'mood_lift',
  '활기를 되찾고 싶어요',
  '조금 더 활기차게 시작해요.',
  FALSE,
  '{"behavior_blocks":["활성화 루틴 1회"],"duration_delta":1}'::jsonb,
  'active'
)
ON CONFLICT (id) DO UPDATE SET
  intent_id = EXCLUDED.intent_id,
  label = EXCLUDED.label,
  hint = EXCLUDED.hint,
  is_default = EXCLUDED.is_default,
  partial_overrides = EXCLUDED.partial_overrides,
  status = EXCLUDED.status,
  updated_at = NOW();
INSERT INTO audio_track (
  id, type, title, filename, remote_url, duration_seconds, persona_codes,
  license_note, status
) VALUES (
  'care_muscle_relief',
  'music',
  '근육 케어 사운드',
  'care_muscle_relief',
  NULL,
  260,
  '["P3_MUSCLE"]'::jsonb,
  NULL,
  'active'
)
ON CONFLICT (id) DO UPDATE SET
  type = EXCLUDED.type,
  title = EXCLUDED.title,
  filename = EXCLUDED.filename,
  remote_url = EXCLUDED.remote_url,
  duration_seconds = EXCLUDED.duration_seconds,
  persona_codes = EXCLUDED.persona_codes,
  license_note = EXCLUDED.license_note,
  status = EXCLUDED.status,
  updated_at = NOW();
INSERT INTO audio_track (
  id, type, title, filename, remote_url, duration_seconds, persona_codes,
  license_note, status
) VALUES (
  'care_sleep_ready',
  'music',
  '수면 준비 케어 사운드',
  'care_sleep_ready',
  NULL,
  300,
  '["P4_SLEEP"]'::jsonb,
  NULL,
  'active'
)
ON CONFLICT (id) DO UPDATE SET
  type = EXCLUDED.type,
  title = EXCLUDED.title,
  filename = EXCLUDED.filename,
  remote_url = EXCLUDED.remote_url,
  duration_seconds = EXCLUDED.duration_seconds,
  persona_codes = EXCLUDED.persona_codes,
  license_note = EXCLUDED.license_note,
  status = EXCLUDED.status,
  updated_at = NOW();
INSERT INTO audio_track (
  id, type, title, filename, remote_url, duration_seconds, persona_codes,
  license_note, status
) VALUES (
  'care_hangover_relief',
  'music',
  '숙취 케어 사운드',
  'care_hangover_relief',
  NULL,
  220,
  '["P1_SAFETY"]'::jsonb,
  NULL,
  'active'
)
ON CONFLICT (id) DO UPDATE SET
  type = EXCLUDED.type,
  title = EXCLUDED.title,
  filename = EXCLUDED.filename,
  remote_url = EXCLUDED.remote_url,
  duration_seconds = EXCLUDED.duration_seconds,
  persona_codes = EXCLUDED.persona_codes,
  license_note = EXCLUDED.license_note,
  status = EXCLUDED.status,
  updated_at = NOW();
INSERT INTO audio_track (
  id, type, title, filename, remote_url, duration_seconds, persona_codes,
  license_note, status
) VALUES (
  'care_edema_relief',
  'music',
  '붓기 케어 사운드',
  'care_edema_relief',
  NULL,
  250,
  '["P2_CIRCULATION"]'::jsonb,
  NULL,
  'active'
)
ON CONFLICT (id) DO UPDATE SET
  type = EXCLUDED.type,
  title = EXCLUDED.title,
  filename = EXCLUDED.filename,
  remote_url = EXCLUDED.remote_url,
  duration_seconds = EXCLUDED.duration_seconds,
  persona_codes = EXCLUDED.persona_codes,
  license_note = EXCLUDED.license_note,
  status = EXCLUDED.status,
  updated_at = NOW();
INSERT INTO audio_track (
  id, type, title, filename, remote_url, duration_seconds, persona_codes,
  license_note, status
) VALUES (
  'care_cold_relief',
  'music',
  '냉감 케어 사운드',
  'care_cold_relief',
  NULL,
  250,
  '["P2_CIRCULATION"]'::jsonb,
  NULL,
  'active'
)
ON CONFLICT (id) DO UPDATE SET
  type = EXCLUDED.type,
  title = EXCLUDED.title,
  filename = EXCLUDED.filename,
  remote_url = EXCLUDED.remote_url,
  duration_seconds = EXCLUDED.duration_seconds,
  persona_codes = EXCLUDED.persona_codes,
  license_note = EXCLUDED.license_note,
  status = EXCLUDED.status,
  updated_at = NOW();
INSERT INTO audio_track (
  id, type, title, filename, remote_url, duration_seconds, persona_codes,
  license_note, status
) VALUES (
  'care_menstrual_relief',
  'music',
  '생리통 케어 사운드',
  'care_menstrual_relief',
  NULL,
  270,
  '["P2_CIRCULATION"]'::jsonb,
  NULL,
  'active'
)
ON CONFLICT (id) DO UPDATE SET
  type = EXCLUDED.type,
  title = EXCLUDED.title,
  filename = EXCLUDED.filename,
  remote_url = EXCLUDED.remote_url,
  duration_seconds = EXCLUDED.duration_seconds,
  persona_codes = EXCLUDED.persona_codes,
  license_note = EXCLUDED.license_note,
  status = EXCLUDED.status,
  updated_at = NOW();
INSERT INTO audio_track (
  id, type, title, filename, remote_url, duration_seconds, persona_codes,
  license_note, status
) VALUES (
  'care_stress_relief',
  'music',
  '스트레스 케어 사운드',
  'care_stress_relief',
  NULL,
  280,
  '["P4_SLEEP"]'::jsonb,
  NULL,
  'active'
)
ON CONFLICT (id) DO UPDATE SET
  type = EXCLUDED.type,
  title = EXCLUDED.title,
  filename = EXCLUDED.filename,
  remote_url = EXCLUDED.remote_url,
  duration_seconds = EXCLUDED.duration_seconds,
  persona_codes = EXCLUDED.persona_codes,
  license_note = EXCLUDED.license_note,
  status = EXCLUDED.status,
  updated_at = NOW();
INSERT INTO audio_track (
  id, type, title, filename, remote_url, duration_seconds, persona_codes,
  license_note, status
) VALUES (
  'care_mood_lift',
  'music',
  '기분 전환 케어 사운드',
  'care_mood_lift',
  NULL,
  260,
  '["P4_SLEEP"]'::jsonb,
  NULL,
  'active'
)
ON CONFLICT (id) DO UPDATE SET
  type = EXCLUDED.type,
  title = EXCLUDED.title,
  filename = EXCLUDED.filename,
  remote_url = EXCLUDED.remote_url,
  duration_seconds = EXCLUDED.duration_seconds,
  persona_codes = EXCLUDED.persona_codes,
  license_note = EXCLUDED.license_note,
  status = EXCLUDED.status,
  updated_at = NOW();
INSERT INTO audio_track (
  id, type, title, filename, remote_url, duration_seconds, persona_codes,
  license_note, status
) VALUES (
  'trip_kyoto_forest',
  'music',
  'Kyoto Forest OST',
  'trip_kyoto_forest',
  NULL,
  240,
  '["P1_SAFETY"]'::jsonb,
  NULL,
  'active'
)
ON CONFLICT (id) DO UPDATE SET
  type = EXCLUDED.type,
  title = EXCLUDED.title,
  filename = EXCLUDED.filename,
  remote_url = EXCLUDED.remote_url,
  duration_seconds = EXCLUDED.duration_seconds,
  persona_codes = EXCLUDED.persona_codes,
  license_note = EXCLUDED.license_note,
  status = EXCLUDED.status,
  updated_at = NOW();
INSERT INTO audio_track (
  id, type, title, filename, remote_url, duration_seconds, persona_codes,
  license_note, status
) VALUES (
  'trip_rainy_camping',
  'music',
  'Rainy Camping OST',
  'trip_rainy_camping',
  NULL,
  240,
  '["P4_SLEEP"]'::jsonb,
  NULL,
  'active'
)
ON CONFLICT (id) DO UPDATE SET
  type = EXCLUDED.type,
  title = EXCLUDED.title,
  filename = EXCLUDED.filename,
  remote_url = EXCLUDED.remote_url,
  duration_seconds = EXCLUDED.duration_seconds,
  persona_codes = EXCLUDED.persona_codes,
  license_note = EXCLUDED.license_note,
  status = EXCLUDED.status,
  updated_at = NOW();
INSERT INTO audio_track (
  id, type, title, filename, remote_url, duration_seconds, persona_codes,
  license_note, status
) VALUES (
  'trip_midnight_paris',
  'music',
  'Midnight Paris OST',
  'trip_midnight_paris',
  NULL,
  260,
  '["P4_SLEEP"]'::jsonb,
  NULL,
  'active'
)
ON CONFLICT (id) DO UPDATE SET
  type = EXCLUDED.type,
  title = EXCLUDED.title,
  filename = EXCLUDED.filename,
  remote_url = EXCLUDED.remote_url,
  duration_seconds = EXCLUDED.duration_seconds,
  persona_codes = EXCLUDED.persona_codes,
  license_note = EXCLUDED.license_note,
  status = EXCLUDED.status,
  updated_at = NOW();
INSERT INTO audio_track (
  id, type, title, filename, remote_url, duration_seconds, persona_codes,
  license_note, status
) VALUES (
  'trip_nordic_sauna',
  'music',
  'Nordic Sauna OST',
  'trip_nordic_sauna',
  NULL,
  250,
  '["P2_CIRCULATION"]'::jsonb,
  NULL,
  'active'
)
ON CONFLICT (id) DO UPDATE SET
  type = EXCLUDED.type,
  title = EXCLUDED.title,
  filename = EXCLUDED.filename,
  remote_url = EXCLUDED.remote_url,
  duration_seconds = EXCLUDED.duration_seconds,
  persona_codes = EXCLUDED.persona_codes,
  license_note = EXCLUDED.license_note,
  status = EXCLUDED.status,
  updated_at = NOW();
INSERT INTO audio_track (
  id, type, title, filename, remote_url, duration_seconds, persona_codes,
  license_note, status
) VALUES (
  'trip_desert_onsen',
  'music',
  'Desert Onsen OST',
  'trip_desert_onsen',
  NULL,
  250,
  '["P3_MUSCLE"]'::jsonb,
  NULL,
  'active'
)
ON CONFLICT (id) DO UPDATE SET
  type = EXCLUDED.type,
  title = EXCLUDED.title,
  filename = EXCLUDED.filename,
  remote_url = EXCLUDED.remote_url,
  duration_seconds = EXCLUDED.duration_seconds,
  persona_codes = EXCLUDED.persona_codes,
  license_note = EXCLUDED.license_note,
  status = EXCLUDED.status,
  updated_at = NOW();
INSERT INTO audio_track (
  id, type, title, filename, remote_url, duration_seconds, persona_codes,
  license_note, status
) VALUES (
  'trip_ocean_dawn',
  'music',
  'Ocean Dawn OST',
  'trip_ocean_dawn',
  NULL,
  260,
  '["P2_CIRCULATION"]'::jsonb,
  NULL,
  'active'
)
ON CONFLICT (id) DO UPDATE SET
  type = EXCLUDED.type,
  title = EXCLUDED.title,
  filename = EXCLUDED.filename,
  remote_url = EXCLUDED.remote_url,
  duration_seconds = EXCLUDED.duration_seconds,
  persona_codes = EXCLUDED.persona_codes,
  license_note = EXCLUDED.license_note,
  status = EXCLUDED.status,
  updated_at = NOW();
INSERT INTO audio_track (
  id, type, title, filename, remote_url, duration_seconds, persona_codes,
  license_note, status
) VALUES (
  'trip_tea_house',
  'music',
  'Tea House OST',
  'trip_tea_house',
  NULL,
  245,
  '["P4_SLEEP"]'::jsonb,
  NULL,
  'active'
)
ON CONFLICT (id) DO UPDATE SET
  type = EXCLUDED.type,
  title = EXCLUDED.title,
  filename = EXCLUDED.filename,
  remote_url = EXCLUDED.remote_url,
  duration_seconds = EXCLUDED.duration_seconds,
  persona_codes = EXCLUDED.persona_codes,
  license_note = EXCLUDED.license_note,
  status = EXCLUDED.status,
  updated_at = NOW();
INSERT INTO audio_track (
  id, type, title, filename, remote_url, duration_seconds, persona_codes,
  license_note, status
) VALUES (
  'trip_snow_cabin',
  'music',
  'Snow Cabin OST',
  'trip_snow_cabin',
  NULL,
  255,
  '["P1_SAFETY"]'::jsonb,
  NULL,
  'active'
)
ON CONFLICT (id) DO UPDATE SET
  type = EXCLUDED.type,
  title = EXCLUDED.title,
  filename = EXCLUDED.filename,
  remote_url = EXCLUDED.remote_url,
  duration_seconds = EXCLUDED.duration_seconds,
  persona_codes = EXCLUDED.persona_codes,
  license_note = EXCLUDED.license_note,
  status = EXCLUDED.status,
  updated_at = NOW();
INSERT INTO audio_track (
  id, type, title, filename, remote_url, duration_seconds, persona_codes,
  license_note, status
) VALUES (
  'rain',
  'ambience',
  '빗소리',
  'rain',
  NULL,
  240,
  '["P4_SLEEP"]'::jsonb,
  NULL,
  'active'
)
ON CONFLICT (id) DO UPDATE SET
  type = EXCLUDED.type,
  title = EXCLUDED.title,
  filename = EXCLUDED.filename,
  remote_url = EXCLUDED.remote_url,
  duration_seconds = EXCLUDED.duration_seconds,
  persona_codes = EXCLUDED.persona_codes,
  license_note = EXCLUDED.license_note,
  status = EXCLUDED.status,
  updated_at = NOW();
INSERT INTO audio_track (
  id, type, title, filename, remote_url, duration_seconds, persona_codes,
  license_note, status
) VALUES (
  'ocean',
  'ambience',
  '파도 소리',
  'ocean',
  NULL,
  300,
  '["P2_CIRCULATION"]'::jsonb,
  NULL,
  'active'
)
ON CONFLICT (id) DO UPDATE SET
  type = EXCLUDED.type,
  title = EXCLUDED.title,
  filename = EXCLUDED.filename,
  remote_url = EXCLUDED.remote_url,
  duration_seconds = EXCLUDED.duration_seconds,
  persona_codes = EXCLUDED.persona_codes,
  license_note = EXCLUDED.license_note,
  status = EXCLUDED.status,
  updated_at = NOW();
INSERT INTO audio_track (
  id, type, title, filename, remote_url, duration_seconds, persona_codes,
  license_note, status
) VALUES (
  'forest',
  'ambience',
  '숲 소리',
  'forest',
  NULL,
  280,
  '["P1_SAFETY"]'::jsonb,
  NULL,
  'active'
)
ON CONFLICT (id) DO UPDATE SET
  type = EXCLUDED.type,
  title = EXCLUDED.title,
  filename = EXCLUDED.filename,
  remote_url = EXCLUDED.remote_url,
  duration_seconds = EXCLUDED.duration_seconds,
  persona_codes = EXCLUDED.persona_codes,
  license_note = EXCLUDED.license_note,
  status = EXCLUDED.status,
  updated_at = NOW();
INSERT INTO audio_track (
  id, type, title, filename, remote_url, duration_seconds, persona_codes,
  license_note, status
) VALUES (
  'hotspring',
  'ambience',
  '온천수 소리',
  'hotspring',
  NULL,
  260,
  '["P3_MUSCLE"]'::jsonb,
  NULL,
  'active'
)
ON CONFLICT (id) DO UPDATE SET
  type = EXCLUDED.type,
  title = EXCLUDED.title,
  filename = EXCLUDED.filename,
  remote_url = EXCLUDED.remote_url,
  duration_seconds = EXCLUDED.duration_seconds,
  persona_codes = EXCLUDED.persona_codes,
  license_note = EXCLUDED.license_note,
  status = EXCLUDED.status,
  updated_at = NOW();
INSERT INTO audio_track (
  id, type, title, filename, remote_url, duration_seconds, persona_codes,
  license_note, status
) VALUES (
  'fireplace',
  'ambience',
  '벽난로',
  'fireplace',
  NULL,
  300,
  '["P4_SLEEP","P1_SAFETY"]'::jsonb,
  NULL,
  'active'
)
ON CONFLICT (id) DO UPDATE SET
  type = EXCLUDED.type,
  title = EXCLUDED.title,
  filename = EXCLUDED.filename,
  remote_url = EXCLUDED.remote_url,
  duration_seconds = EXCLUDED.duration_seconds,
  persona_codes = EXCLUDED.persona_codes,
  license_note = EXCLUDED.license_note,
  status = EXCLUDED.status,
  updated_at = NOW();
INSERT INTO trip_theme (
  id, cover_style_id, title, subtitle, base_temp, color_hex, rec_scent,
  music_id, ambience_id, default_bath_type, recommended_environment,
  duration_minutes, lighting, status
) VALUES (
  'kyoto_forest',
  'kyoto',
  'Kyoto Forest',
  '히노끼탕 + 숲의 안개',
  39,
  '#2E8B57',
  '히노끼',
  'trip_kyoto_forest',
  'forest',
  'half',
  'bathtub',
  18,
  '자연광에 가까운 녹색 조명',
  'active'
)
ON CONFLICT (id) DO UPDATE SET
  cover_style_id = EXCLUDED.cover_style_id,
  title = EXCLUDED.title,
  subtitle = EXCLUDED.subtitle,
  base_temp = EXCLUDED.base_temp,
  color_hex = EXCLUDED.color_hex,
  rec_scent = EXCLUDED.rec_scent,
  music_id = EXCLUDED.music_id,
  ambience_id = EXCLUDED.ambience_id,
  default_bath_type = EXCLUDED.default_bath_type,
  recommended_environment = EXCLUDED.recommended_environment,
  duration_minutes = EXCLUDED.duration_minutes,
  lighting = EXCLUDED.lighting,
  status = EXCLUDED.status,
  updated_at = NOW();
INSERT INTO trip_theme (
  id, cover_style_id, title, subtitle, base_temp, color_hex, rec_scent,
  music_id, ambience_id, default_bath_type, recommended_environment,
  duration_minutes, lighting, status
) VALUES (
  'rainy_camping',
  'rain',
  'Rainy Camping',
  '텐트 빗소리 + 풀벌레',
  40,
  '#3B82F6',
  '유칼립투스',
  'trip_rainy_camping',
  'rain',
  'foot',
  'footbath',
  15,
  '차분한 블루 톤 랜턴 조명',
  'active'
)
ON CONFLICT (id) DO UPDATE SET
  cover_style_id = EXCLUDED.cover_style_id,
  title = EXCLUDED.title,
  subtitle = EXCLUDED.subtitle,
  base_temp = EXCLUDED.base_temp,
  color_hex = EXCLUDED.color_hex,
  rec_scent = EXCLUDED.rec_scent,
  music_id = EXCLUDED.music_id,
  ambience_id = EXCLUDED.ambience_id,
  default_bath_type = EXCLUDED.default_bath_type,
  recommended_environment = EXCLUDED.recommended_environment,
  duration_minutes = EXCLUDED.duration_minutes,
  lighting = EXCLUDED.lighting,
  status = EXCLUDED.status,
  updated_at = NOW();
INSERT INTO trip_theme (
  id, cover_style_id, title, subtitle, base_temp, color_hex, rec_scent,
  music_id, ambience_id, default_bath_type, recommended_environment,
  duration_minutes, lighting, status
) VALUES (
  'midnight_paris',
  'paris',
  'Midnight Paris',
  '재즈 피아노 + 도시의 밤',
  38,
  '#7C3AED',
  '로즈',
  'trip_midnight_paris',
  'ocean',
  'full',
  'bathtub',
  20,
  '와인빛 보랏빛 조명',
  'active'
)
ON CONFLICT (id) DO UPDATE SET
  cover_style_id = EXCLUDED.cover_style_id,
  title = EXCLUDED.title,
  subtitle = EXCLUDED.subtitle,
  base_temp = EXCLUDED.base_temp,
  color_hex = EXCLUDED.color_hex,
  rec_scent = EXCLUDED.rec_scent,
  music_id = EXCLUDED.music_id,
  ambience_id = EXCLUDED.ambience_id,
  default_bath_type = EXCLUDED.default_bath_type,
  recommended_environment = EXCLUDED.recommended_environment,
  duration_minutes = EXCLUDED.duration_minutes,
  lighting = EXCLUDED.lighting,
  status = EXCLUDED.status,
  updated_at = NOW();
INSERT INTO trip_theme (
  id, cover_style_id, title, subtitle, base_temp, color_hex, rec_scent,
  music_id, ambience_id, default_bath_type, recommended_environment,
  duration_minutes, lighting, status
) VALUES (
  'nordic_sauna',
  'nordic',
  'Nordic Sauna',
  '스팀 + 장작 벽난로',
  40,
  '#64748B',
  '자작나무',
  'trip_nordic_sauna',
  'fireplace',
  'shower',
  'shower',
  10,
  '로우 키 웜 화이트',
  'active'
)
ON CONFLICT (id) DO UPDATE SET
  cover_style_id = EXCLUDED.cover_style_id,
  title = EXCLUDED.title,
  subtitle = EXCLUDED.subtitle,
  base_temp = EXCLUDED.base_temp,
  color_hex = EXCLUDED.color_hex,
  rec_scent = EXCLUDED.rec_scent,
  music_id = EXCLUDED.music_id,
  ambience_id = EXCLUDED.ambience_id,
  default_bath_type = EXCLUDED.default_bath_type,
  recommended_environment = EXCLUDED.recommended_environment,
  duration_minutes = EXCLUDED.duration_minutes,
  lighting = EXCLUDED.lighting,
  status = EXCLUDED.status,
  updated_at = NOW();
INSERT INTO trip_theme (
  id, cover_style_id, title, subtitle, base_temp, color_hex, rec_scent,
  music_id, ambience_id, default_bath_type, recommended_environment,
  duration_minutes, lighting, status
) VALUES (
  'desert_onsen',
  'desert',
  'Desert Onsen',
  '사막의 노을 + 미지근한 온천',
  39,
  '#D97706',
  '샌달우드',
  'trip_desert_onsen',
  'fireplace',
  'half',
  'bathtub',
  17,
  '앰버 오렌지 조명',
  'active'
)
ON CONFLICT (id) DO UPDATE SET
  cover_style_id = EXCLUDED.cover_style_id,
  title = EXCLUDED.title,
  subtitle = EXCLUDED.subtitle,
  base_temp = EXCLUDED.base_temp,
  color_hex = EXCLUDED.color_hex,
  rec_scent = EXCLUDED.rec_scent,
  music_id = EXCLUDED.music_id,
  ambience_id = EXCLUDED.ambience_id,
  default_bath_type = EXCLUDED.default_bath_type,
  recommended_environment = EXCLUDED.recommended_environment,
  duration_minutes = EXCLUDED.duration_minutes,
  lighting = EXCLUDED.lighting,
  status = EXCLUDED.status,
  updated_at = NOW();
INSERT INTO trip_theme (
  id, cover_style_id, title, subtitle, base_temp, color_hex, rec_scent,
  music_id, ambience_id, default_bath_type, recommended_environment,
  duration_minutes, lighting, status
) VALUES (
  'ocean_dawn',
  'ocean',
  'Ocean Dawn',
  '새벽 파도 + 바닷바람',
  38,
  '#0EA5E9',
  '시트러스',
  'trip_ocean_dawn',
  'ocean',
  'full',
  'bathtub',
  20,
  '민트 블루 조명',
  'active'
)
ON CONFLICT (id) DO UPDATE SET
  cover_style_id = EXCLUDED.cover_style_id,
  title = EXCLUDED.title,
  subtitle = EXCLUDED.subtitle,
  base_temp = EXCLUDED.base_temp,
  color_hex = EXCLUDED.color_hex,
  rec_scent = EXCLUDED.rec_scent,
  music_id = EXCLUDED.music_id,
  ambience_id = EXCLUDED.ambience_id,
  default_bath_type = EXCLUDED.default_bath_type,
  recommended_environment = EXCLUDED.recommended_environment,
  duration_minutes = EXCLUDED.duration_minutes,
  lighting = EXCLUDED.lighting,
  status = EXCLUDED.status,
  updated_at = NOW();
INSERT INTO trip_theme (
  id, cover_style_id, title, subtitle, base_temp, color_hex, rec_scent,
  music_id, ambience_id, default_bath_type, recommended_environment,
  duration_minutes, lighting, status
) VALUES (
  'tea_house',
  'tea',
  'Tea House',
  '차향 + 목재 다실',
  38,
  '#8B5E3C',
  '베르가못',
  'trip_tea_house',
  'forest',
  'half',
  'bathtub',
  16,
  '따뜻한 황토 조명',
  'active'
)
ON CONFLICT (id) DO UPDATE SET
  cover_style_id = EXCLUDED.cover_style_id,
  title = EXCLUDED.title,
  subtitle = EXCLUDED.subtitle,
  base_temp = EXCLUDED.base_temp,
  color_hex = EXCLUDED.color_hex,
  rec_scent = EXCLUDED.rec_scent,
  music_id = EXCLUDED.music_id,
  ambience_id = EXCLUDED.ambience_id,
  default_bath_type = EXCLUDED.default_bath_type,
  recommended_environment = EXCLUDED.recommended_environment,
  duration_minutes = EXCLUDED.duration_minutes,
  lighting = EXCLUDED.lighting,
  status = EXCLUDED.status,
  updated_at = NOW();
INSERT INTO trip_theme (
  id, cover_style_id, title, subtitle, base_temp, color_hex, rec_scent,
  music_id, ambience_id, default_bath_type, recommended_environment,
  duration_minutes, lighting, status
) VALUES (
  'snow_cabin',
  'snow',
  'Snow Cabin',
  '눈 내리는 오두막 + 벽난로',
  39,
  '#94A3B8',
  '시더우드',
  'trip_snow_cabin',
  'fireplace',
  'full',
  'bathtub',
  18,
  '차가운 화이트와 웜 포인트',
  'active'
)
ON CONFLICT (id) DO UPDATE SET
  cover_style_id = EXCLUDED.cover_style_id,
  title = EXCLUDED.title,
  subtitle = EXCLUDED.subtitle,
  base_temp = EXCLUDED.base_temp,
  color_hex = EXCLUDED.color_hex,
  rec_scent = EXCLUDED.rec_scent,
  music_id = EXCLUDED.music_id,
  ambience_id = EXCLUDED.ambience_id,
  default_bath_type = EXCLUDED.default_bath_type,
  recommended_environment = EXCLUDED.recommended_environment,
  duration_minutes = EXCLUDED.duration_minutes,
  lighting = EXCLUDED.lighting,
  status = EXCLUDED.status,
  updated_at = NOW();
INSERT INTO trip_theme (
  id, cover_style_id, title, subtitle, base_temp, color_hex, rec_scent,
  music_id, ambience_id, default_bath_type, recommended_environment,
  duration_minutes, lighting, status
) VALUES (
  'busan_harbor_blue',
  'busan_harbor_blue',
  'Harbor Blue Busan',
  '푸른 항만 + 새벽 안개',
  38,
  '#2E4C63',
  '사이프러스',
  'trip_ocean_dawn',
  'ocean',
  'full',
  'bathtub',
  14,
  '차갑게 가라앉은 항만 블루',
  'active'
)
ON CONFLICT (id) DO UPDATE SET
  cover_style_id = EXCLUDED.cover_style_id,
  title = EXCLUDED.title,
  subtitle = EXCLUDED.subtitle,
  base_temp = EXCLUDED.base_temp,
  color_hex = EXCLUDED.color_hex,
  rec_scent = EXCLUDED.rec_scent,
  music_id = EXCLUDED.music_id,
  ambience_id = EXCLUDED.ambience_id,
  default_bath_type = EXCLUDED.default_bath_type,
  recommended_environment = EXCLUDED.recommended_environment,
  duration_minutes = EXCLUDED.duration_minutes,
  lighting = EXCLUDED.lighting,
  status = EXCLUDED.status,
  updated_at = NOW();
INSERT INTO trip_theme (
  id, cover_style_id, title, subtitle, base_temp, color_hex, rec_scent,
  music_id, ambience_id, default_bath_type, recommended_environment,
  duration_minutes, lighting, status
) VALUES (
  'moss_temple_kyoto',
  'moss_temple_kyoto',
  'Moss Temple Kyoto',
  '이끼 정원 + 젖은 돌길',
  38,
  '#5E6F5A',
  '히노키',
  'trip_kyoto_forest',
  'forest',
  'half',
  'bathtub',
  14,
  '비에 젖은 녹음의 저채도 광',
  'active'
)
ON CONFLICT (id) DO UPDATE SET
  cover_style_id = EXCLUDED.cover_style_id,
  title = EXCLUDED.title,
  subtitle = EXCLUDED.subtitle,
  base_temp = EXCLUDED.base_temp,
  color_hex = EXCLUDED.color_hex,
  rec_scent = EXCLUDED.rec_scent,
  music_id = EXCLUDED.music_id,
  ambience_id = EXCLUDED.ambience_id,
  default_bath_type = EXCLUDED.default_bath_type,
  recommended_environment = EXCLUDED.recommended_environment,
  duration_minutes = EXCLUDED.duration_minutes,
  lighting = EXCLUDED.lighting,
  status = EXCLUDED.status,
  updated_at = NOW();
INSERT INTO trip_theme (
  id, cover_style_id, title, subtitle, base_temp, color_hex, rec_scent,
  music_id, ambience_id, default_bath_type, recommended_environment,
  duration_minutes, lighting, status
) VALUES (
  'white_silence_sapporo',
  'white_silence_sapporo',
  'White Silence Sapporo',
  '눈 덮인 새벽 + 유리창 서리',
  38,
  '#C9D4DD',
  '화이트 시더',
  'trip_snow_cabin',
  'fireplace',
  'full',
  'bathtub',
  14,
  '설광이 번진 겨울의 저채도 블루 화이트',
  'active'
)
ON CONFLICT (id) DO UPDATE SET
  cover_style_id = EXCLUDED.cover_style_id,
  title = EXCLUDED.title,
  subtitle = EXCLUDED.subtitle,
  base_temp = EXCLUDED.base_temp,
  color_hex = EXCLUDED.color_hex,
  rec_scent = EXCLUDED.rec_scent,
  music_id = EXCLUDED.music_id,
  ambience_id = EXCLUDED.ambience_id,
  default_bath_type = EXCLUDED.default_bath_type,
  recommended_environment = EXCLUDED.recommended_environment,
  duration_minutes = EXCLUDED.duration_minutes,
  lighting = EXCLUDED.lighting,
  status = EXCLUDED.status,
  updated_at = NOW();
INSERT INTO trip_theme (
  id, cover_style_id, title, subtitle, base_temp, color_hex, rec_scent,
  music_id, ambience_id, default_bath_type, recommended_environment,
  duration_minutes, lighting, status
) VALUES (
  'seoul_afterglow_seoul',
  'seoul_afterglow_seoul',
  'Afterglow Seoul',
  '젖은 간판빛 + 서울 새벽 골목',
  38,
  '#4C4A74',
  '베티버',
  'trip_midnight_paris',
  'rain',
  'shower',
  'shower',
  12,
  '차갑게 번지는 서울 네온 잔광',
  'active'
)
ON CONFLICT (id) DO UPDATE SET
  cover_style_id = EXCLUDED.cover_style_id,
  title = EXCLUDED.title,
  subtitle = EXCLUDED.subtitle,
  base_temp = EXCLUDED.base_temp,
  color_hex = EXCLUDED.color_hex,
  rec_scent = EXCLUDED.rec_scent,
  music_id = EXCLUDED.music_id,
  ambience_id = EXCLUDED.ambience_id,
  default_bath_type = EXCLUDED.default_bath_type,
  recommended_environment = EXCLUDED.recommended_environment,
  duration_minutes = EXCLUDED.duration_minutes,
  lighting = EXCLUDED.lighting,
  status = EXCLUDED.status,
  updated_at = NOW();
INSERT INTO trip_theme (
  id, cover_style_id, title, subtitle, base_temp, color_hex, rec_scent,
  music_id, ambience_id, default_bath_type, recommended_environment,
  duration_minutes, lighting, status
) VALUES (
  'fireside_library_fireside_library',
  'fireside_library_fireside_library',
  'Fireside Library',
  '짙은 목재 + 벽난로 잔향',
  39,
  '#6E4B3A',
  '앰버',
  'trip_tea_house',
  'fireplace',
  'full',
  'bathtub',
  17,
  '낮은 벽난로 잔광',
  'active'
)
ON CONFLICT (id) DO UPDATE SET
  cover_style_id = EXCLUDED.cover_style_id,
  title = EXCLUDED.title,
  subtitle = EXCLUDED.subtitle,
  base_temp = EXCLUDED.base_temp,
  color_hex = EXCLUDED.color_hex,
  rec_scent = EXCLUDED.rec_scent,
  music_id = EXCLUDED.music_id,
  ambience_id = EXCLUDED.ambience_id,
  default_bath_type = EXCLUDED.default_bath_type,
  recommended_environment = EXCLUDED.recommended_environment,
  duration_minutes = EXCLUDED.duration_minutes,
  lighting = EXCLUDED.lighting,
  status = EXCLUDED.status,
  updated_at = NOW();
INSERT INTO trip_theme (
  id, cover_style_id, title, subtitle, base_temp, color_hex, rec_scent,
  music_id, ambience_id, default_bath_type, recommended_environment,
  duration_minutes, lighting, status
) VALUES (
  'lantern_rain_karuizawa',
  'lantern_rain_karuizawa',
  'Lantern Rain Karuizawa',
  '비 내리는 캠프사이트 + 랜턴 잔광',
  38,
  '#6A5F52',
  '시더우드',
  'trip_rainy_camping',
  'rain',
  'half',
  'partial_bath',
  12,
  '젖은 랜턴 앰버와 흐린 빗빛',
  'active'
)
ON CONFLICT (id) DO UPDATE SET
  cover_style_id = EXCLUDED.cover_style_id,
  title = EXCLUDED.title,
  subtitle = EXCLUDED.subtitle,
  base_temp = EXCLUDED.base_temp,
  color_hex = EXCLUDED.color_hex,
  rec_scent = EXCLUDED.rec_scent,
  music_id = EXCLUDED.music_id,
  ambience_id = EXCLUDED.ambience_id,
  default_bath_type = EXCLUDED.default_bath_type,
  recommended_environment = EXCLUDED.recommended_environment,
  duration_minutes = EXCLUDED.duration_minutes,
  lighting = EXCLUDED.lighting,
  status = EXCLUDED.status,
  updated_at = NOW();
INSERT INTO trip_intent (
  id, intent_id, mapped_mode, allowed_environments, copy_title,
  copy_subtitle_by_environment, default_subprotocol_id, card_position, status
) VALUES (
  'trip_kyoto',
  'kyoto_forest',
  'recovery',
  '["bathtub","partial_bath","shower"]'::jsonb,
  '교토 숲으로 잠깐 떠나볼까요?',
  '{"shower":"샤워 5분, 숲 분위기로 전환해요.","bathtub":"욕조 12분, 숲 분위기에 천천히 잠겨요.","partial_bath":"족욕 10분, 잔잔하게 쉬어가요."}'::jsonb,
  'trip_kyoto_balanced',
  1,
  'active'
)
ON CONFLICT (id) DO UPDATE SET
  intent_id = EXCLUDED.intent_id,
  mapped_mode = EXCLUDED.mapped_mode,
  allowed_environments = EXCLUDED.allowed_environments,
  copy_title = EXCLUDED.copy_title,
  copy_subtitle_by_environment = EXCLUDED.copy_subtitle_by_environment,
  default_subprotocol_id = EXCLUDED.default_subprotocol_id,
  card_position = EXCLUDED.card_position,
  status = EXCLUDED.status,
  updated_at = NOW();
INSERT INTO trip_intent (
  id, intent_id, mapped_mode, allowed_environments, copy_title,
  copy_subtitle_by_environment, default_subprotocol_id, card_position, status
) VALUES (
  'trip_nordic',
  'nordic_sauna',
  'recovery',
  '["shower","bathtub","partial_bath"]'::jsonb,
  '노르딕 무드로 리셋해볼까요?',
  '{"shower":"샤워 6분, 사우나 무드를 가볍게 느껴요.","bathtub":"욕조 12분, 따뜻하게 분위기를 바꿔요.","partial_bath":"족욕 10분, 차분하게 전환해요."}'::jsonb,
  'trip_nordic_balanced',
  2,
  'active'
)
ON CONFLICT (id) DO UPDATE SET
  intent_id = EXCLUDED.intent_id,
  mapped_mode = EXCLUDED.mapped_mode,
  allowed_environments = EXCLUDED.allowed_environments,
  copy_title = EXCLUDED.copy_title,
  copy_subtitle_by_environment = EXCLUDED.copy_subtitle_by_environment,
  default_subprotocol_id = EXCLUDED.default_subprotocol_id,
  card_position = EXCLUDED.card_position,
  status = EXCLUDED.status,
  updated_at = NOW();
INSERT INTO trip_intent (
  id, intent_id, mapped_mode, allowed_environments, copy_title,
  copy_subtitle_by_environment, default_subprotocol_id, card_position, status
) VALUES (
  'trip_rainy',
  'rainy_camping',
  'sleep',
  '["bathtub","shower","partial_bath"]'::jsonb,
  '비 오는 캠핑 감성으로 쉬어가요',
  '{"shower":"샤워 5분, 빗소리 무드로 정리해요.","bathtub":"욕조 12분, 비 오는 캠핑 무드로 쉬어요.","partial_bath":"족욕 10분, 차분하게 쉬어요."}'::jsonb,
  'trip_rainy_balanced',
  3,
  'active'
)
ON CONFLICT (id) DO UPDATE SET
  intent_id = EXCLUDED.intent_id,
  mapped_mode = EXCLUDED.mapped_mode,
  allowed_environments = EXCLUDED.allowed_environments,
  copy_title = EXCLUDED.copy_title,
  copy_subtitle_by_environment = EXCLUDED.copy_subtitle_by_environment,
  default_subprotocol_id = EXCLUDED.default_subprotocol_id,
  card_position = EXCLUDED.card_position,
  status = EXCLUDED.status,
  updated_at = NOW();
INSERT INTO trip_intent (
  id, intent_id, mapped_mode, allowed_environments, copy_title,
  copy_subtitle_by_environment, default_subprotocol_id, card_position, status
) VALUES (
  'trip_snow',
  'snow_cabin',
  'sleep',
  '["bathtub","partial_bath","shower"]'::jsonb,
  '스노우 캐빈 무드로 하루를 마무리해요',
  '{"shower":"샤워 5분, 부드럽게 마무리해요.","bathtub":"욕조 12분, 포근하게 정리해요.","partial_bath":"족욕 10분, 잔잔하게 하루를 마무리해요."}'::jsonb,
  'trip_snow_balanced',
  4,
  'active'
)
ON CONFLICT (id) DO UPDATE SET
  intent_id = EXCLUDED.intent_id,
  mapped_mode = EXCLUDED.mapped_mode,
  allowed_environments = EXCLUDED.allowed_environments,
  copy_title = EXCLUDED.copy_title,
  copy_subtitle_by_environment = EXCLUDED.copy_subtitle_by_environment,
  default_subprotocol_id = EXCLUDED.default_subprotocol_id,
  card_position = EXCLUDED.card_position,
  status = EXCLUDED.status,
  updated_at = NOW();
INSERT INTO trip_intent (
  id, intent_id, mapped_mode, allowed_environments, copy_title,
  copy_subtitle_by_environment, default_subprotocol_id, card_position, status
) VALUES (
  'trip_busan_harbor_blue',
  'busan_harbor_blue',
  'recovery',
  '["bathtub","partial_bath","shower"]'::jsonb,
  '부산 항만의 새벽으로 잠깐 떠나볼까요?',
  '{"shower":"샤워 5분, 푸른 항만 무드로 정리해요.","bathtub":"욕조 12분, 항만의 고요에 천천히 잠겨요.","partial_bath":"족욕 10분, 차분하게 전환해요."}'::jsonb,
  'trip_busan_balanced',
  5,
  'active'
)
ON CONFLICT (id) DO UPDATE SET
  intent_id = EXCLUDED.intent_id,
  mapped_mode = EXCLUDED.mapped_mode,
  allowed_environments = EXCLUDED.allowed_environments,
  copy_title = EXCLUDED.copy_title,
  copy_subtitle_by_environment = EXCLUDED.copy_subtitle_by_environment,
  default_subprotocol_id = EXCLUDED.default_subprotocol_id,
  card_position = EXCLUDED.card_position,
  status = EXCLUDED.status,
  updated_at = NOW();
INSERT INTO trip_intent (
  id, intent_id, mapped_mode, allowed_environments, copy_title,
  copy_subtitle_by_environment, default_subprotocol_id, card_position, status
) VALUES (
  'trip_moss_temple_kyoto',
  'moss_temple_kyoto',
  'recovery',
  '["bathtub","partial_bath","shower"]'::jsonb,
  '교토 이끼 정원에 잠시 머물러볼까요?',
  '{"shower":"샤워 5분, 비 머금은 정원 무드로 전환해요.","bathtub":"욕조 12분, 조용한 교토 정원에 머물러요.","partial_bath":"족욕 10분, 잔잔하게 가라앉아요."}'::jsonb,
  'trip_moss_balanced',
  6,
  'active'
)
ON CONFLICT (id) DO UPDATE SET
  intent_id = EXCLUDED.intent_id,
  mapped_mode = EXCLUDED.mapped_mode,
  allowed_environments = EXCLUDED.allowed_environments,
  copy_title = EXCLUDED.copy_title,
  copy_subtitle_by_environment = EXCLUDED.copy_subtitle_by_environment,
  default_subprotocol_id = EXCLUDED.default_subprotocol_id,
  card_position = EXCLUDED.card_position,
  status = EXCLUDED.status,
  updated_at = NOW();
INSERT INTO trip_intent (
  id, intent_id, mapped_mode, allowed_environments, copy_title,
  copy_subtitle_by_environment, default_subprotocol_id, card_position, status
) VALUES (
  'trip_white_silence_sapporo',
  'white_silence_sapporo',
  'sleep',
  '["bathtub","partial_bath","shower"]'::jsonb,
  '삿포로의 겨울 고요로 쉬어가요',
  '{"shower":"샤워 5분, 차분하게 하루를 낮춰요.","bathtub":"욕조 12분, 겨울 정적에 포근히 머물러요.","partial_bath":"족욕 10분, 잔잔하게 마무리해요."}'::jsonb,
  'trip_sapporo_balanced',
  7,
  'active'
)
ON CONFLICT (id) DO UPDATE SET
  intent_id = EXCLUDED.intent_id,
  mapped_mode = EXCLUDED.mapped_mode,
  allowed_environments = EXCLUDED.allowed_environments,
  copy_title = EXCLUDED.copy_title,
  copy_subtitle_by_environment = EXCLUDED.copy_subtitle_by_environment,
  default_subprotocol_id = EXCLUDED.default_subprotocol_id,
  card_position = EXCLUDED.card_position,
  status = EXCLUDED.status,
  updated_at = NOW();
INSERT INTO trip_intent (
  id, intent_id, mapped_mode, allowed_environments, copy_title,
  copy_subtitle_by_environment, default_subprotocol_id, card_position, status
) VALUES (
  'trip_afterglow_seoul',
  'seoul_afterglow_seoul',
  'reset',
  '["bathtub","partial_bath","shower"]'::jsonb,
  '서울 새벽 골목 무드로 리셋해볼까요?',
  '{"shower":"샤워 5분, 젖은 간판빛 무드로 선명하게 정리해요.","bathtub":"욕조 10분, 도시의 잔광에 천천히 잠겨요.","partial_bath":"족욕 8분, 짧고 차분하게 전환해요."}'::jsonb,
  'trip_seoul_balanced',
  8,
  'active'
)
ON CONFLICT (id) DO UPDATE SET
  intent_id = EXCLUDED.intent_id,
  mapped_mode = EXCLUDED.mapped_mode,
  allowed_environments = EXCLUDED.allowed_environments,
  copy_title = EXCLUDED.copy_title,
  copy_subtitle_by_environment = EXCLUDED.copy_subtitle_by_environment,
  default_subprotocol_id = EXCLUDED.default_subprotocol_id,
  card_position = EXCLUDED.card_position,
  status = EXCLUDED.status,
  updated_at = NOW();
INSERT INTO trip_intent (
  id, intent_id, mapped_mode, allowed_environments, copy_title,
  copy_subtitle_by_environment, default_subprotocol_id, card_position, status
) VALUES (
  'trip_fireside_library',
  'fireside_library_fireside_library',
  'sleep',
  '["bathtub","partial_bath","shower"]'::jsonb,
  '벽난로 옆 서재 무드로 가라앉아볼까요?',
  '{"shower":"샤워 5분, 따뜻한 실내 무드로 정리해요.","bathtub":"욕조 14분, 벽난로 잔광 속에 깊게 머물러요.","partial_bath":"족욕 10분, 포근하게 쉬어가요."}'::jsonb,
  'trip_fireside_balanced',
  9,
  'active'
)
ON CONFLICT (id) DO UPDATE SET
  intent_id = EXCLUDED.intent_id,
  mapped_mode = EXCLUDED.mapped_mode,
  allowed_environments = EXCLUDED.allowed_environments,
  copy_title = EXCLUDED.copy_title,
  copy_subtitle_by_environment = EXCLUDED.copy_subtitle_by_environment,
  default_subprotocol_id = EXCLUDED.default_subprotocol_id,
  card_position = EXCLUDED.card_position,
  status = EXCLUDED.status,
  updated_at = NOW();
INSERT INTO trip_intent (
  id, intent_id, mapped_mode, allowed_environments, copy_title,
  copy_subtitle_by_environment, default_subprotocol_id, card_position, status
) VALUES (
  'trip_lantern_rain_karuizawa',
  'lantern_rain_karuizawa',
  'sleep',
  '["bathtub","partial_bath","shower"]'::jsonb,
  '가루이자와 빗속 캠핑 무드로 쉬어가요',
  '{"shower":"샤워 5분, 빗소리와 랜턴 무드로 정리해요.","bathtub":"욕조 10분, 젖은 숲가 분위기에 천천히 머물러요.","partial_bath":"족욕 10분, 빗속 캠핑 감성으로 쉬어요."}'::jsonb,
  'trip_karuizawa_balanced',
  10,
  'active'
)
ON CONFLICT (id) DO UPDATE SET
  intent_id = EXCLUDED.intent_id,
  mapped_mode = EXCLUDED.mapped_mode,
  allowed_environments = EXCLUDED.allowed_environments,
  copy_title = EXCLUDED.copy_title,
  copy_subtitle_by_environment = EXCLUDED.copy_subtitle_by_environment,
  default_subprotocol_id = EXCLUDED.default_subprotocol_id,
  card_position = EXCLUDED.card_position,
  status = EXCLUDED.status,
  updated_at = NOW();
INSERT INTO trip_subprotocol (
  id, intent_id, label, hint, is_default, partial_overrides, status
) VALUES (
  'trip_kyoto_balanced',
  'kyoto_forest',
  '기본 진행',
  '잔잔하고 안정적인 교토 무드.',
  TRUE,
  '{"behavior_blocks":["느린 호흡 3회"]}'::jsonb,
  'active'
)
ON CONFLICT (id) DO UPDATE SET
  intent_id = EXCLUDED.intent_id,
  label = EXCLUDED.label,
  hint = EXCLUDED.hint,
  is_default = EXCLUDED.is_default,
  partial_overrides = EXCLUDED.partial_overrides,
  status = EXCLUDED.status,
  updated_at = NOW();
INSERT INTO trip_subprotocol (
  id, intent_id, label, hint, is_default, partial_overrides, status
) VALUES (
  'trip_kyoto_deep',
  'kyoto_forest',
  '조금 더 길게',
  '조금 더 오래 머무는 느낌으로 진행해요.',
  FALSE,
  '{"behavior_blocks":["분위기 전환 구간 1회"],"duration_delta":2}'::jsonb,
  'active'
)
ON CONFLICT (id) DO UPDATE SET
  intent_id = EXCLUDED.intent_id,
  label = EXCLUDED.label,
  hint = EXCLUDED.hint,
  is_default = EXCLUDED.is_default,
  partial_overrides = EXCLUDED.partial_overrides,
  status = EXCLUDED.status,
  updated_at = NOW();
INSERT INTO trip_subprotocol (
  id, intent_id, label, hint, is_default, partial_overrides, status
) VALUES (
  'trip_nordic_balanced',
  'nordic_sauna',
  '기본 리셋',
  '차분하고 균형 잡힌 사우나 무드.',
  TRUE,
  '{"behavior_blocks":["전환 호흡 1회"]}'::jsonb,
  'active'
)
ON CONFLICT (id) DO UPDATE SET
  intent_id = EXCLUDED.intent_id,
  label = EXCLUDED.label,
  hint = EXCLUDED.hint,
  is_default = EXCLUDED.is_default,
  partial_overrides = EXCLUDED.partial_overrides,
  status = EXCLUDED.status,
  updated_at = NOW();
INSERT INTO trip_subprotocol (
  id, intent_id, label, hint, is_default, partial_overrides, status
) VALUES (
  'trip_nordic_quick',
  'nordic_sauna',
  '빠른 전환',
  '짧게 리듬을 바꾸는 루틴.',
  FALSE,
  '{"behavior_blocks":["짧은 리듬 전환"],"duration_delta":-1}'::jsonb,
  'active'
)
ON CONFLICT (id) DO UPDATE SET
  intent_id = EXCLUDED.intent_id,
  label = EXCLUDED.label,
  hint = EXCLUDED.hint,
  is_default = EXCLUDED.is_default,
  partial_overrides = EXCLUDED.partial_overrides,
  status = EXCLUDED.status,
  updated_at = NOW();
INSERT INTO trip_subprotocol (
  id, intent_id, label, hint, is_default, partial_overrides, status
) VALUES (
  'trip_rainy_balanced',
  'rainy_camping',
  '기본 휴식',
  '빗소리 중심의 안정 루틴.',
  TRUE,
  '{"behavior_blocks":["안정 구간 유지"]}'::jsonb,
  'active'
)
ON CONFLICT (id) DO UPDATE SET
  intent_id = EXCLUDED.intent_id,
  label = EXCLUDED.label,
  hint = EXCLUDED.hint,
  is_default = EXCLUDED.is_default,
  partial_overrides = EXCLUDED.partial_overrides,
  status = EXCLUDED.status,
  updated_at = NOW();
INSERT INTO trip_subprotocol (
  id, intent_id, label, hint, is_default, partial_overrides, status
) VALUES (
  'trip_rainy_soft',
  'rainy_camping',
  '더 잔잔하게',
  '자극을 더 낮춰서 진행해요.',
  FALSE,
  '{"behavior_blocks":["리듬 최소화"],"lighting_adjustment":"차분한 조명"}'::jsonb,
  'active'
)
ON CONFLICT (id) DO UPDATE SET
  intent_id = EXCLUDED.intent_id,
  label = EXCLUDED.label,
  hint = EXCLUDED.hint,
  is_default = EXCLUDED.is_default,
  partial_overrides = EXCLUDED.partial_overrides,
  status = EXCLUDED.status,
  updated_at = NOW();
INSERT INTO trip_subprotocol (
  id, intent_id, label, hint, is_default, partial_overrides, status
) VALUES (
  'trip_snow_balanced',
  'snow_cabin',
  '기본 마무리',
  '포근한 분위기로 하루를 정리해요.',
  TRUE,
  '{"behavior_blocks":["마무리 호흡 1회"]}'::jsonb,
  'active'
)
ON CONFLICT (id) DO UPDATE SET
  intent_id = EXCLUDED.intent_id,
  label = EXCLUDED.label,
  hint = EXCLUDED.hint,
  is_default = EXCLUDED.is_default,
  partial_overrides = EXCLUDED.partial_overrides,
  status = EXCLUDED.status,
  updated_at = NOW();
INSERT INTO trip_subprotocol (
  id, intent_id, label, hint, is_default, partial_overrides, status
) VALUES (
  'trip_snow_warm',
  'snow_cabin',
  '따뜻하게 마무리',
  '온기 중심으로 조금 더 깊게 진행해요.',
  FALSE,
  '{"behavior_blocks":["온기 유지 구간 1회"],"duration_delta":1}'::jsonb,
  'active'
)
ON CONFLICT (id) DO UPDATE SET
  intent_id = EXCLUDED.intent_id,
  label = EXCLUDED.label,
  hint = EXCLUDED.hint,
  is_default = EXCLUDED.is_default,
  partial_overrides = EXCLUDED.partial_overrides,
  status = EXCLUDED.status,
  updated_at = NOW();
INSERT INTO trip_subprotocol (
  id, intent_id, label, hint, is_default, partial_overrides, status
) VALUES (
  'trip_busan_balanced',
  'busan_harbor_blue',
  '기본 진행',
  '푸른 항만의 정적을 안정적으로 느껴요.',
  TRUE,
  '{"behavior_blocks":["느린 호흡 2회"]}'::jsonb,
  'active'
)
ON CONFLICT (id) DO UPDATE SET
  intent_id = EXCLUDED.intent_id,
  label = EXCLUDED.label,
  hint = EXCLUDED.hint,
  is_default = EXCLUDED.is_default,
  partial_overrides = EXCLUDED.partial_overrides,
  status = EXCLUDED.status,
  updated_at = NOW();
INSERT INTO trip_subprotocol (
  id, intent_id, label, hint, is_default, partial_overrides, status
) VALUES (
  'trip_busan_deep',
  'busan_harbor_blue',
  '깊은 정박',
  '조금 더 길고 깊게 항만 무드에 잠겨요.',
  FALSE,
  '{"behavior_blocks":["분위기 전환 구간 1회"],"duration_delta":2}'::jsonb,
  'active'
)
ON CONFLICT (id) DO UPDATE SET
  intent_id = EXCLUDED.intent_id,
  label = EXCLUDED.label,
  hint = EXCLUDED.hint,
  is_default = EXCLUDED.is_default,
  partial_overrides = EXCLUDED.partial_overrides,
  status = EXCLUDED.status,
  updated_at = NOW();
INSERT INTO trip_subprotocol (
  id, intent_id, label, hint, is_default, partial_overrides, status
) VALUES (
  'trip_moss_balanced',
  'moss_temple_kyoto',
  '기본 고요',
  '젖은 정원 무드를 잔잔하게 느껴요.',
  TRUE,
  '{"behavior_blocks":["느린 호흡 3회"]}'::jsonb,
  'active'
)
ON CONFLICT (id) DO UPDATE SET
  intent_id = EXCLUDED.intent_id,
  label = EXCLUDED.label,
  hint = EXCLUDED.hint,
  is_default = EXCLUDED.is_default,
  partial_overrides = EXCLUDED.partial_overrides,
  status = EXCLUDED.status,
  updated_at = NOW();
INSERT INTO trip_subprotocol (
  id, intent_id, label, hint, is_default, partial_overrides, status
) VALUES (
  'trip_moss_deep',
  'moss_temple_kyoto',
  '깊은 머묾',
  '안개와 정원의 고요에 더 오래 머물러요.',
  FALSE,
  '{"behavior_blocks":["분위기 전환 구간 1회"],"duration_delta":2}'::jsonb,
  'active'
)
ON CONFLICT (id) DO UPDATE SET
  intent_id = EXCLUDED.intent_id,
  label = EXCLUDED.label,
  hint = EXCLUDED.hint,
  is_default = EXCLUDED.is_default,
  partial_overrides = EXCLUDED.partial_overrides,
  status = EXCLUDED.status,
  updated_at = NOW();
INSERT INTO trip_subprotocol (
  id, intent_id, label, hint, is_default, partial_overrides, status
) VALUES (
  'trip_sapporo_balanced',
  'white_silence_sapporo',
  '기본 정적',
  '겨울의 고요를 차분하게 느껴요.',
  TRUE,
  '{"behavior_blocks":["마무리 호흡 1회"]}'::jsonb,
  'active'
)
ON CONFLICT (id) DO UPDATE SET
  intent_id = EXCLUDED.intent_id,
  label = EXCLUDED.label,
  hint = EXCLUDED.hint,
  is_default = EXCLUDED.is_default,
  partial_overrides = EXCLUDED.partial_overrides,
  status = EXCLUDED.status,
  updated_at = NOW();
INSERT INTO trip_subprotocol (
  id, intent_id, label, hint, is_default, partial_overrides, status
) VALUES (
  'trip_sapporo_warm',
  'white_silence_sapporo',
  '조금 더 포근하게',
  '온기를 중심으로 겨울 무드를 더 깊게 가져가요.',
  FALSE,
  '{"behavior_blocks":["온기 유지 구간 1회"],"duration_delta":1}'::jsonb,
  'active'
)
ON CONFLICT (id) DO UPDATE SET
  intent_id = EXCLUDED.intent_id,
  label = EXCLUDED.label,
  hint = EXCLUDED.hint,
  is_default = EXCLUDED.is_default,
  partial_overrides = EXCLUDED.partial_overrides,
  status = EXCLUDED.status,
  updated_at = NOW();
INSERT INTO trip_subprotocol (
  id, intent_id, label, hint, is_default, partial_overrides, status
) VALUES (
  'trip_seoul_balanced',
  'seoul_afterglow_seoul',
  '기본 리셋',
  '서울의 잔광을 선명하게 정리해요.',
  TRUE,
  '{"behavior_blocks":["짧은 리듬 전환"]}'::jsonb,
  'active'
)
ON CONFLICT (id) DO UPDATE SET
  intent_id = EXCLUDED.intent_id,
  label = EXCLUDED.label,
  hint = EXCLUDED.hint,
  is_default = EXCLUDED.is_default,
  partial_overrides = EXCLUDED.partial_overrides,
  status = EXCLUDED.status,
  updated_at = NOW();
INSERT INTO trip_subprotocol (
  id, intent_id, label, hint, is_default, partial_overrides, status
) VALUES (
  'trip_seoul_quick',
  'seoul_afterglow_seoul',
  '더 짧고 선명하게',
  '샤워에서도 빠르게 무드 전환이 되도록 줄여요.',
  FALSE,
  '{"behavior_blocks":["빠른 리셋 구간 1회"],"duration_delta":-1}'::jsonb,
  'active'
)
ON CONFLICT (id) DO UPDATE SET
  intent_id = EXCLUDED.intent_id,
  label = EXCLUDED.label,
  hint = EXCLUDED.hint,
  is_default = EXCLUDED.is_default,
  partial_overrides = EXCLUDED.partial_overrides,
  status = EXCLUDED.status,
  updated_at = NOW();
INSERT INTO trip_subprotocol (
  id, intent_id, label, hint, is_default, partial_overrides, status
) VALUES (
  'trip_fireside_balanced',
  'fireside_library_fireside_library',
  '기본 휴식',
  '낮은 벽난로 잔광 속에서 안정적으로 쉬어요.',
  TRUE,
  '{"behavior_blocks":["안정 구간 유지"]}'::jsonb,
  'active'
)
ON CONFLICT (id) DO UPDATE SET
  intent_id = EXCLUDED.intent_id,
  label = EXCLUDED.label,
  hint = EXCLUDED.hint,
  is_default = EXCLUDED.is_default,
  partial_overrides = EXCLUDED.partial_overrides,
  status = EXCLUDED.status,
  updated_at = NOW();
INSERT INTO trip_subprotocol (
  id, intent_id, label, hint, is_default, partial_overrides, status
) VALUES (
  'trip_fireside_deep',
  'fireside_library_fireside_library',
  '더 깊게 머물기',
  '짙은 목재의 온기에 조금 더 오래 머물러요.',
  FALSE,
  '{"behavior_blocks":["분위기 전환 구간 1회"],"duration_delta":2}'::jsonb,
  'active'
)
ON CONFLICT (id) DO UPDATE SET
  intent_id = EXCLUDED.intent_id,
  label = EXCLUDED.label,
  hint = EXCLUDED.hint,
  is_default = EXCLUDED.is_default,
  partial_overrides = EXCLUDED.partial_overrides,
  status = EXCLUDED.status,
  updated_at = NOW();
INSERT INTO trip_subprotocol (
  id, intent_id, label, hint, is_default, partial_overrides, status
) VALUES (
  'trip_karuizawa_balanced',
  'lantern_rain_karuizawa',
  '기본 휴식',
  '빗소리와 랜턴 무드를 차분하게 느껴요.',
  TRUE,
  '{"behavior_blocks":["안정 구간 유지"]}'::jsonb,
  'active'
)
ON CONFLICT (id) DO UPDATE SET
  intent_id = EXCLUDED.intent_id,
  label = EXCLUDED.label,
  hint = EXCLUDED.hint,
  is_default = EXCLUDED.is_default,
  partial_overrides = EXCLUDED.partial_overrides,
  status = EXCLUDED.status,
  updated_at = NOW();
INSERT INTO trip_subprotocol (
  id, intent_id, label, hint, is_default, partial_overrides, status
) VALUES (
  'trip_karuizawa_soft',
  'lantern_rain_karuizawa',
  '더 잔잔하게',
  '자극을 더 낮춰 빗속 캠핑 무드를 얇게 가져가요.',
  FALSE,
  '{"behavior_blocks":["리듬 최소화"],"duration_delta":-1}'::jsonb,
  'active'
)
ON CONFLICT (id) DO UPDATE SET
  intent_id = EXCLUDED.intent_id,
  label = EXCLUDED.label,
  hint = EXCLUDED.hint,
  is_default = EXCLUDED.is_default,
  partial_overrides = EXCLUDED.partial_overrides,
  status = EXCLUDED.status,
  updated_at = NOW();
COMMIT;
